lkw_id,timestamp,brake_fluid_pct,motor_temp_c,oil_pressure_bar,health_score
LKW-01,2026-06-09 21:00:00,51.8,78.3,2.87,0.5198
LKW-01,2026-06-09 21:30:00,51.8,85.0,4.16,0.5196
LKW-01,2026-06-09 22:00:00,51.7,74.5,2.22,0.5194
LKW-01,2026-06-09 22:30:00,51.7,96.0,2.93,0.5192
LKW-01,2026-06-09 23:00:00,51.7,78.1,5.01,0.519
LKW-01,2026-06-09 23:30:00,51.7,85.0,2.81,0.5188
LKW-01,2026-06-10 00:00:00,51.7,82.6,2.33,0.5186
LKW-01,2026-06-10 00:30:00,51.7,90.3,2.09,0.5184
LKW-01,2026-06-10 01:00:00,51.6,85.3,5.1,0.5182
LKW-01,2026-06-10 01:30:00,51.6,84.7,3.58,0.5181
LKW-01,2026-06-10 02:00:00,51.6,88.2,4.68,0.5179
LKW-01,2026-06-10 02:30:00,51.6,89.3,4.42,0.5177
LKW-01,2026-06-10 03:00:00,51.6,90.2,2.94,0.5175
LKW-01,2026-06-10 03:30:00,51.6,88.1,5.04,0.5173
LKW-01,2026-06-10 04:00:00,51.5,76.1,2.32,0.5171
LKW-01,2026-06-10 04:30:00,51.5,80.5,3.16,0.5169
LKW-01,2026-06-10 05:00:00,51.5,85.4,3.36,0.5167
LKW-01,2026-06-10 05:30:00,51.5,90.2,2.01,0.5165
LKW-01,2026-06-10 06:00:00,51.5,85.1,5.11,0.5163
LKW-01,2026-06-10 06:30:00,51.4,80.1,3.87,0.5161
LKW-01,2026-06-10 07:00:00,51.4,76.3,4.22,0.5159
LKW-01,2026-06-10 07:30:00,51.4,88.7,1.84,0.5157
LKW-01,2026-06-10 08:00:00,51.4,74.2,4.53,0.5155
LKW-01,2026-06-10 08:30:00,51.4,82.7,3.59,0.5153
LKW-01,2026-06-10 09:00:00,51.4,81.0,2.85,0.5151
LKW-01,2026-06-10 09:30:00,51.3,78.1,3.14,0.5149
LKW-01,2026-06-10 10:00:00,51.3,79.6,2.75,0.5148
LKW-01,2026-06-10 10:30:00,51.3,84.9,2.84,0.5145
LKW-01,2026-06-10 11:00:00,51.3,81.3,4.37,0.5143
LKW-01,2026-06-10 11:30:00,51.3,83.9,2.97,0.5141
LKW-01,2026-06-10 12:00:00,51.3,86.5,4.93,0.5139
LKW-01,2026-06-10 12:30:00,51.2,81.9,2.44,0.5138
LKW-01,2026-06-10 13:00:00,51.2,79.5,3.98,0.5136
LKW-01,2026-06-10 13:30:00,51.2,80.1,3.1,0.5133
LKW-01,2026-06-10 14:00:00,51.2,68.3,2.61,0.5132
LKW-01,2026-06-10 14:30:00,51.2,83.9,4.34,0.513
LKW-01,2026-06-10 15:00:00,51.2,88.0,3.93,0.5128
LKW-01,2026-06-10 15:30:00,51.1,82.4,2.74,0.5126
LKW-01,2026-06-10 16:00:00,51.1,75.6,4.04,0.5124
LKW-01,2026-06-10 16:30:00,51.1,71.9,3.15,0.5122
LKW-01,2026-06-10 17:00:00,51.1,79.4,3.24,0.512
LKW-01,2026-06-10 17:30:00,51.1,77.0,3.14,0.5119
LKW-01,2026-06-10 18:00:00,51.1,83.8,2.91,0.5117
LKW-01,2026-06-10 18:30:00,51.0,90.3,2.96,0.5115
LKW-01,2026-06-10 19:00:00,51.0,86.9,3.59,0.5113
LKW-01,2026-06-10 19:30:00,51.0,81.7,5.42,0.5111
LKW-01,2026-06-10 20:00:00,51.0,76.4,4.92,0.5109
LKW-01,2026-06-10 20:30:00,51.0,77.9,3.25,0.5107
LKW-01,2026-06-10 21:00:00,51.0,94.0,2.81,0.5106
LKW-01,2026-06-10 21:30:00,50.9,84.2,4.18,0.5104
LKW-01,2026-06-10 22:00:00,50.9,76.1,2.45,0.5103
LKW-01,2026-06-10 22:30:00,50.9,82.0,4.43,0.5101
LKW-01,2026-06-10 23:00:00,50.9,83.8,1.93,0.5099
LKW-01,2026-06-10 23:30:00,50.9,82.7,3.7,0.5098
LKW-01,2026-06-11 00:00:00,50.9,86.1,4.73,0.5097
LKW-01,2026-06-11 00:30:00,50.8,88.8,3.7,0.5094
LKW-01,2026-06-11 01:00:00,50.8,80.4,4.3,0.5093
LKW-01,2026-06-11 01:30:00,50.8,76.5,3.1,0.5092
LKW-01,2026-06-11 02:00:00,50.8,84.1,2.99,0.509
LKW-01,2026-06-11 02:30:00,50.8,76.1,3.45,0.5089
LKW-01,2026-06-11 03:00:00,50.8,79.6,5.09,0.5087
LKW-01,2026-06-11 03:30:00,50.8,87.6,2.65,0.5086
LKW-01,2026-06-11 04:00:00,50.8,86.0,3.73,0.5084
LKW-01,2026-06-11 04:30:00,50.7,85.1,2.62,0.5083
LKW-01,2026-06-11 05:00:00,50.7,86.9,4.78,0.5081
LKW-01,2026-06-11 05:30:00,50.7,97.0,4.78,0.508
LKW-01,2026-06-11 06:00:00,50.7,74.5,3.1,0.5078
LKW-01,2026-06-11 06:30:00,50.7,90.1,2.36,0.5077
LKW-01,2026-06-11 07:00:00,50.7,81.6,5.36,0.5075
LKW-01,2026-06-11 07:30:00,50.7,77.0,3.97,0.5074
LKW-01,2026-06-11 08:00:00,50.7,77.3,3.67,0.5073
LKW-01,2026-06-11 08:30:00,50.6,80.4,1.23,0.5071
LKW-01,2026-06-11 09:00:00,50.6,79.2,2.8,0.507
LKW-01,2026-06-11 09:30:00,50.6,77.0,4.83,0.5069
LKW-01,2026-06-11 10:00:00,50.6,86.8,0.5,0.5067
LKW-01,2026-06-11 10:30:00,50.6,69.3,1.54,0.5066
LKW-01,2026-06-11 11:00:00,50.6,79.0,3.31,0.5065
LKW-01,2026-06-11 11:30:00,50.6,83.4,3.06,0.5063
LKW-01,2026-06-11 12:00:00,50.6,74.9,3.48,0.5062
LKW-01,2026-06-11 12:30:00,50.5,79.2,4.03,0.506
LKW-01,2026-06-11 13:00:00,50.5,86.0,1.42,0.5059
LKW-01,2026-06-11 13:30:00,50.5,76.2,4.03,0.5057
LKW-01,2026-06-11 14:00:00,50.5,72.1,4.3,0.5056
LKW-01,2026-06-11 14:30:00,50.5,77.1,2.45,0.5054
LKW-01,2026-06-11 15:00:00,50.5,90.1,3.77,0.5053
LKW-01,2026-06-11 15:30:00,50.5,88.8,3.56,0.5051
LKW-01,2026-06-11 16:00:00,50.4,85.9,4.93,0.505
LKW-01,2026-06-11 16:30:00,50.4,82.2,2.42,0.5048
LKW-01,2026-06-11 17:00:00,50.4,85.9,4.44,0.5046
LKW-01,2026-06-11 17:30:00,50.4,82.9,3.15,0.5045
LKW-01,2026-06-11 18:00:00,50.4,73.6,1.69,0.5044
LKW-01,2026-06-11 18:30:00,50.4,80.1,3.39,0.5042
LKW-01,2026-06-11 19:00:00,50.4,77.6,2.89,0.5041
LKW-01,2026-06-11 19:30:00,50.4,89.7,2.73,0.5039
LKW-01,2026-06-11 20:00:00,50.3,70.7,2.83,0.5038
LKW-01,2026-06-11 20:30:00,50.3,88.7,2.68,0.5036
LKW-01,2026-06-11 21:00:00,50.3,75.9,3.17,0.5035
LKW-01,2026-06-11 21:30:00,50.3,80.9,2.51,0.5033
LKW-01,2026-06-11 22:00:00,50.3,85.8,2.66,0.5032
LKW-01,2026-06-11 22:30:00,50.3,83.1,4.05,0.503
LKW-01,2026-06-11 23:00:00,50.3,77.4,2.9,0.5029
LKW-01,2026-06-11 23:30:00,50.2,85.9,4.4,0.5027
LKW-01,2026-06-12 00:00:00,50.2,75.2,4.42,0.5025
LKW-01,2026-06-12 00:30:00,50.2,78.4,3.64,0.5024
LKW-01,2026-06-12 01:00:00,50.2,76.9,4.82,0.5023
LKW-01,2026-06-12 01:30:00,50.2,84.4,3.71,0.5021
LKW-01,2026-06-12 02:00:00,50.2,77.4,3.02,0.502
LKW-01,2026-06-12 02:30:00,50.2,86.8,2.03,0.5019
LKW-01,2026-06-12 03:00:00,50.2,83.9,3.35,0.5017
LKW-01,2026-06-12 03:30:00,50.1,81.9,1.01,0.5015
LKW-01,2026-06-12 04:00:00,50.1,76.7,1.76,0.5014
LKW-01,2026-06-12 04:30:00,50.1,85.1,1.91,0.5013
LKW-01,2026-06-12 05:00:00,50.1,79.6,4.31,0.5011
LKW-01,2026-06-12 05:30:00,50.1,80.8,3.19,0.5009
LKW-01,2026-06-12 06:00:00,50.1,82.0,3.0,0.5008
LKW-01,2026-06-12 06:30:00,50.1,83.4,2.69,0.5006
LKW-01,2026-06-12 07:00:00,50.0,75.6,5.28,0.5005
LKW-01,2026-06-12 07:30:00,50.0,84.7,2.52,0.5004
LKW-01,2026-06-12 08:00:00,50.0,87.1,3.8,0.5002
LKW-01,2026-06-12 08:30:00,50.0,90.8,3.23,0.5
LKW-01,2026-06-12 09:00:00,50.0,80.2,3.74,0.4999
LKW-01,2026-06-12 09:30:00,50.0,93.1,5.94,0.4997
LKW-01,2026-06-12 10:00:00,50.0,89.2,2.92,0.4996
LKW-01,2026-06-12 10:30:00,49.9,82.4,4.21,0.4994
LKW-01,2026-06-12 11:00:00,49.9,90.1,3.4,0.4993
LKW-01,2026-06-12 11:30:00,49.9,83.8,3.28,0.4991
LKW-01,2026-06-12 12:00:00,49.9,78.6,3.49,0.499
LKW-01,2026-06-12 12:30:00,49.9,88.3,3.69,0.4988
LKW-01,2026-06-12 13:00:00,49.9,80.5,2.53,0.4987
LKW-01,2026-06-12 13:30:00,49.9,81.3,3.6,0.4985
LKW-01,2026-06-12 14:00:00,49.9,72.9,3.87,0.4984
LKW-01,2026-06-12 14:30:00,49.8,91.6,2.06,0.4982
LKW-01,2026-06-12 15:00:00,49.8,83.5,2.14,0.4981
LKW-01,2026-06-12 15:30:00,49.8,78.7,3.73,0.4979
LKW-01,2026-06-12 16:00:00,49.8,84.7,4.02,0.4978
LKW-01,2026-06-12 16:30:00,49.8,83.6,4.88,0.4977
LKW-01,2026-06-12 17:00:00,49.8,75.5,5.05,0.4975
LKW-01,2026-06-12 17:30:00,49.8,94.4,5.94,0.4973
LKW-01,2026-06-12 18:00:00,49.7,76.3,2.2,0.4972
LKW-01,2026-06-12 18:30:00,49.7,70.6,2.98,0.4971
LKW-01,2026-06-12 19:00:00,49.7,75.9,3.49,0.4969
LKW-01,2026-06-12 19:30:00,49.7,68.2,3.84,0.4968
LKW-01,2026-06-12 20:00:00,49.7,79.4,3.37,0.4966
LKW-01,2026-06-12 20:30:00,49.7,81.2,4.25,0.4965
LKW-02,2026-06-09 21:00:00,45.1,96.5,4.37,0.4458
LKW-02,2026-06-09 21:30:00,45.1,85.6,1.44,0.4455
LKW-02,2026-06-09 22:00:00,45.1,85.7,1.94,0.4452
LKW-02,2026-06-09 22:30:00,45.0,84.3,0.7,0.4449
LKW-02,2026-06-09 23:00:00,45.0,88.8,3.13,0.4447
LKW-02,2026-06-09 23:30:00,45.0,91.4,1.54,0.4444
LKW-02,2026-06-10 00:00:00,45.0,73.8,2.01,0.4441
LKW-02,2026-06-10 00:30:00,44.9,88.6,3.81,0.4438
LKW-02,2026-06-10 01:00:00,44.9,74.7,1.9,0.4435
LKW-02,2026-06-10 01:30:00,44.9,82.2,3.63,0.4432
LKW-02,2026-06-10 02:00:00,44.9,92.2,3.13,0.443
LKW-02,2026-06-10 02:30:00,44.8,79.3,2.53,0.4426
LKW-02,2026-06-10 03:00:00,44.8,77.1,1.59,0.4423
LKW-02,2026-06-10 03:30:00,44.8,83.6,3.33,0.442
LKW-02,2026-06-10 04:00:00,44.8,80.6,4.12,0.4418
LKW-02,2026-06-10 04:30:00,44.7,81.8,2.25,0.4414
LKW-02,2026-06-10 05:00:00,44.7,78.5,1.58,0.4411
LKW-02,2026-06-10 05:30:00,44.7,82.3,3.72,0.4409
LKW-02,2026-06-10 06:00:00,44.7,83.6,4.53,0.4406
LKW-02,2026-06-10 06:30:00,44.6,71.4,3.1,0.4402
LKW-02,2026-06-10 07:00:00,44.6,74.1,3.8,0.4399
LKW-02,2026-06-10 07:30:00,44.6,82.0,1.72,0.4397
LKW-02,2026-06-10 08:00:00,44.5,85.6,3.05,0.4394
LKW-02,2026-06-10 08:30:00,44.5,89.3,4.02,0.4391
LKW-02,2026-06-10 09:00:00,44.5,83.3,3.38,0.4388
LKW-02,2026-06-10 09:30:00,44.5,71.3,3.38,0.4385
LKW-02,2026-06-10 10:00:00,44.4,72.6,3.53,0.4381
LKW-02,2026-06-10 10:30:00,44.4,78.7,3.62,0.4379
LKW-02,2026-06-10 11:00:00,44.4,77.8,2.53,0.4376
LKW-02,2026-06-10 11:30:00,44.3,90.4,4.84,0.4372
LKW-02,2026-06-10 12:00:00,44.3,81.4,3.84,0.437
LKW-02,2026-06-10 12:30:00,44.3,82.8,1.21,0.4366
LKW-02,2026-06-10 13:00:00,44.3,88.1,3.29,0.4364
LKW-02,2026-06-10 13:30:00,44.2,76.4,2.22,0.4361
LKW-02,2026-06-10 14:00:00,44.2,78.9,5.89,0.4358
LKW-02,2026-06-10 14:30:00,44.2,86.6,2.9,0.4355
LKW-02,2026-06-10 15:00:00,44.2,78.9,1.01,0.4352
LKW-02,2026-06-10 15:30:00,44.1,77.7,3.85,0.4349
LKW-02,2026-06-10 16:00:00,44.1,90.0,3.76,0.4346
LKW-02,2026-06-10 16:30:00,44.1,85.8,2.97,0.4344
LKW-02,2026-06-10 17:00:00,44.1,82.1,4.14,0.434
LKW-02,2026-06-10 17:30:00,44.0,75.2,3.6,0.4338
LKW-02,2026-06-10 18:00:00,44.0,84.6,4.43,0.4335
LKW-02,2026-06-10 18:30:00,44.0,74.8,3.04,0.4332
LKW-02,2026-06-10 19:00:00,44.0,89.6,1.81,0.4329
LKW-02,2026-06-10 19:30:00,43.9,85.0,3.54,0.4326
LKW-02,2026-06-10 20:00:00,43.9,77.9,3.01,0.4323
LKW-02,2026-06-10 20:30:00,43.9,74.9,2.19,0.432
LKW-02,2026-06-10 21:00:00,43.9,81.5,3.88,0.4318
LKW-02,2026-06-10 21:30:00,43.8,89.2,3.09,0.4316
LKW-02,2026-06-10 22:00:00,43.8,91.4,1.8,0.4313
LKW-02,2026-06-10 22:30:00,43.8,81.3,3.35,0.4311
LKW-02,2026-06-10 23:00:00,43.8,82.0,1.57,0.4309
LKW-02,2026-06-10 23:30:00,43.8,82.2,3.62,0.4306
LKW-02,2026-06-11 00:00:00,43.7,80.1,2.72,0.4304
LKW-02,2026-06-11 00:30:00,43.7,79.7,4.0,0.4301
LKW-02,2026-06-11 01:00:00,43.7,89.2,3.29,0.43
LKW-02,2026-06-11 01:30:00,43.7,71.9,3.88,0.4298
LKW-02,2026-06-11 02:00:00,43.7,77.8,1.55,0.4295
LKW-02,2026-06-11 02:30:00,43.6,77.2,3.61,0.4293
LKW-02,2026-06-11 03:00:00,43.6,69.8,3.92,0.4291
LKW-02,2026-06-11 03:30:00,43.6,90.1,3.63,0.4289
LKW-02,2026-06-11 04:00:00,43.6,84.5,1.7,0.4287
LKW-02,2026-06-11 04:30:00,43.6,74.6,2.28,0.4285
LKW-02,2026-06-11 05:00:00,43.5,83.1,2.64,0.4283
LKW-02,2026-06-11 05:30:00,43.5,69.9,1.94,0.4281
LKW-02,2026-06-11 06:00:00,43.5,83.3,3.03,0.4279
LKW-02,2026-06-11 06:30:00,43.5,85.0,3.5,0.4276
LKW-02,2026-06-11 07:00:00,43.5,74.2,3.97,0.4274
LKW-02,2026-06-11 07:30:00,43.4,72.6,4.43,0.4272
LKW-02,2026-06-11 08:00:00,43.4,85.1,2.55,0.427
LKW-02,2026-06-11 08:30:00,43.4,75.3,4.2,0.4268
LKW-02,2026-06-11 09:00:00,43.4,95.4,3.43,0.4265
LKW-02,2026-06-11 09:30:00,43.4,87.1,4.23,0.4263
LKW-02,2026-06-11 10:00:00,43.3,80.8,4.32,0.4261
LKW-02,2026-06-11 10:30:00,43.3,79.0,2.85,0.4259
LKW-02,2026-06-11 11:00:00,43.3,77.0,2.78,0.4256
LKW-02,2026-06-11 11:30:00,43.3,82.3,3.98,0.4254
LKW-02,2026-06-11 12:00:00,43.3,87.4,4.45,0.4251
LKW-02,2026-06-11 12:30:00,43.2,76.8,2.07,0.4249
LKW-02,2026-06-11 13:00:00,43.2,74.7,1.63,0.4247
LKW-02,2026-06-11 13:30:00,43.2,82.9,3.05,0.4245
LKW-02,2026-06-11 14:00:00,43.2,80.5,2.9,0.4242
LKW-02,2026-06-11 14:30:00,43.2,75.7,4.42,0.424
LKW-02,2026-06-11 15:00:00,43.1,81.0,4.09,0.4238
LKW-02,2026-06-11 15:30:00,43.1,71.8,3.97,0.4235
LKW-02,2026-06-11 16:00:00,43.1,80.6,5.74,0.4233
LKW-02,2026-06-11 16:30:00,43.1,78.9,3.97,0.4231
LKW-02,2026-06-11 17:00:00,43.1,84.6,3.3,0.4229
LKW-02,2026-06-11 17:30:00,43.0,72.8,1.83,0.4227
LKW-02,2026-06-11 18:00:00,43.0,79.5,1.81,0.4224
LKW-02,2026-06-11 18:30:00,43.0,91.6,1.68,0.4222
LKW-02,2026-06-11 19:00:00,43.0,92.0,1.74,0.422
LKW-02,2026-06-11 19:30:00,43.0,91.2,2.18,0.4218
LKW-02,2026-06-11 20:00:00,42.9,71.2,3.0,0.4215
LKW-02,2026-06-11 20:30:00,42.9,87.4,4.13,0.4213
LKW-02,2026-06-11 21:00:00,42.9,87.1,4.53,0.4211
LKW-02,2026-06-11 21:30:00,42.9,84.7,2.97,0.4209
LKW-02,2026-06-11 22:00:00,42.9,82.1,3.6,0.4207
LKW-02,2026-06-11 22:30:00,42.8,81.8,2.05,0.4205
LKW-02,2026-06-11 23:00:00,42.8,87.3,3.29,0.4203
LKW-02,2026-06-11 23:30:00,42.8,80.6,2.36,0.4201
LKW-02,2026-06-12 00:00:00,42.8,88.7,1.87,0.4198
LKW-02,2026-06-12 00:30:00,42.8,86.6,2.07,0.4196
LKW-02,2026-06-12 01:00:00,42.7,67.9,1.38,0.4194
LKW-02,2026-06-12 01:30:00,42.7,78.5,3.17,0.4192
LKW-02,2026-06-12 02:00:00,42.7,84.8,3.48,0.419
LKW-02,2026-06-12 02:30:00,42.7,78.1,3.21,0.4188
LKW-02,2026-06-12 03:00:00,42.7,82.0,0.5,0.4186
LKW-02,2026-06-12 03:30:00,42.7,89.8,4.96,0.4184
LKW-02,2026-06-12 04:00:00,42.6,74.0,2.99,0.4182
LKW-02,2026-06-12 04:30:00,42.6,86.5,0.87,0.418
LKW-02,2026-06-12 05:00:00,42.6,84.2,3.0,0.4178
LKW-02,2026-06-12 05:30:00,42.6,68.5,2.16,0.4176
LKW-02,2026-06-12 06:00:00,42.6,89.8,4.12,0.4173
LKW-02,2026-06-12 06:30:00,42.5,89.3,2.63,0.4171
LKW-02,2026-06-12 07:00:00,42.5,84.0,3.9,0.417
LKW-02,2026-06-12 07:30:00,42.5,79.8,4.78,0.4167
LKW-02,2026-06-12 08:00:00,42.5,72.1,2.19,0.4165
LKW-02,2026-06-12 08:30:00,42.5,89.6,2.93,0.4163
LKW-02,2026-06-12 09:00:00,42.4,84.6,3.85,0.4161
LKW-02,2026-06-12 09:30:00,42.4,71.9,2.9,0.4159
LKW-02,2026-06-12 10:00:00,42.4,86.3,1.86,0.4156
LKW-02,2026-06-12 10:30:00,42.4,84.0,4.14,0.4155
LKW-02,2026-06-12 11:00:00,42.4,79.4,6.31,0.4152
LKW-02,2026-06-12 11:30:00,42.4,89.9,3.37,0.415
LKW-02,2026-06-12 12:00:00,42.3,80.2,3.05,0.4148
LKW-02,2026-06-12 12:30:00,42.3,86.8,4.79,0.4146
LKW-02,2026-06-12 13:00:00,42.3,82.4,3.33,0.4144
LKW-02,2026-06-12 13:30:00,42.3,80.6,3.85,0.4142
LKW-02,2026-06-12 14:00:00,42.3,76.4,4.9,0.414
LKW-02,2026-06-12 14:30:00,42.2,89.2,2.98,0.4137
LKW-02,2026-06-12 15:00:00,42.2,89.4,3.76,0.4135
LKW-02,2026-06-12 15:30:00,42.2,78.1,4.38,0.4133
LKW-02,2026-06-12 16:00:00,42.2,86.8,3.87,0.4131
LKW-02,2026-06-12 16:30:00,42.2,73.2,3.31,0.4129
LKW-02,2026-06-12 17:00:00,42.1,83.8,2.59,0.4127
LKW-02,2026-06-12 17:30:00,42.1,80.8,3.98,0.4125
LKW-02,2026-06-12 18:00:00,42.1,71.6,3.4,0.4123
LKW-02,2026-06-12 18:30:00,42.1,72.7,3.81,0.4121
LKW-02,2026-06-12 19:00:00,42.1,72.0,4.09,0.4119
LKW-02,2026-06-12 19:30:00,42.1,77.0,4.35,0.4117
LKW-02,2026-06-12 20:00:00,42.0,81.1,4.31,0.4114
LKW-02,2026-06-12 20:30:00,42.0,78.3,1.43,0.4112
LKW-03,2026-06-09 21:00:00,56.2,90.8,1.86,0.5694
LKW-03,2026-06-09 21:30:00,56.2,77.2,3.26,0.5692
LKW-03,2026-06-09 22:00:00,56.2,78.7,3.19,0.569
LKW-03,2026-06-09 22:30:00,56.2,89.2,2.87,0.5688
LKW-03,2026-06-09 23:00:00,56.2,78.0,2.05,0.5686
LKW-03,2026-06-09 23:30:00,56.2,72.5,4.4,0.5684
LKW-03,2026-06-10 00:00:00,56.1,69.8,1.07,0.5681
LKW-03,2026-06-10 00:30:00,56.1,89.0,1.86,0.5679
LKW-03,2026-06-10 01:00:00,56.1,65.4,4.52,0.5677
LKW-03,2026-06-10 01:30:00,56.1,75.4,5.04,0.5675
LKW-03,2026-06-10 02:00:00,56.1,92.0,4.13,0.5673
LKW-03,2026-06-10 02:30:00,56.0,76.1,2.84,0.5671
LKW-03,2026-06-10 03:00:00,56.0,91.9,4.7,0.5669
LKW-03,2026-06-10 03:30:00,56.0,87.0,3.22,0.5666
LKW-03,2026-06-10 04:00:00,56.0,82.6,3.31,0.5665
LKW-03,2026-06-10 04:30:00,56.0,80.4,4.02,0.5663
LKW-03,2026-06-10 05:00:00,55.9,79.2,4.08,0.5661
LKW-03,2026-06-10 05:30:00,55.9,85.1,2.24,0.5658
LKW-03,2026-06-10 06:00:00,55.9,88.7,2.65,0.5656
LKW-03,2026-06-10 06:30:00,55.9,77.4,2.96,0.5654
LKW-03,2026-06-10 07:00:00,55.9,83.9,2.83,0.5652
LKW-03,2026-06-10 07:30:00,55.8,83.2,2.37,0.565
LKW-03,2026-06-10 08:00:00,55.8,79.4,4.26,0.5648
LKW-03,2026-06-10 08:30:00,55.8,78.8,3.25,0.5646
LKW-03,2026-06-10 09:00:00,55.8,87.7,2.81,0.5644
LKW-03,2026-06-10 09:30:00,55.8,76.2,1.83,0.5642
LKW-03,2026-06-10 10:00:00,55.8,78.5,4.2,0.564
LKW-03,2026-06-10 10:30:00,55.7,88.6,2.83,0.5637
LKW-03,2026-06-10 11:00:00,55.7,83.3,3.21,0.5635
LKW-03,2026-06-10 11:30:00,55.7,78.3,2.81,0.5633
LKW-03,2026-06-10 12:00:00,55.7,80.8,3.46,0.5631
LKW-03,2026-06-10 12:30:00,55.7,83.2,6.14,0.5629
LKW-03,2026-06-10 13:00:00,55.6,84.8,4.14,0.5627
LKW-03,2026-06-10 13:30:00,55.6,80.4,2.1,0.5625
LKW-03,2026-06-10 14:00:00,55.6,86.3,3.27,0.5623
LKW-03,2026-06-10 14:30:00,55.6,90.5,3.41,0.5621
LKW-03,2026-06-10 15:00:00,55.6,69.7,2.77,0.5619
LKW-03,2026-06-10 15:30:00,55.6,85.5,2.13,0.5617
LKW-03,2026-06-10 16:00:00,55.5,81.1,4.45,0.5614
LKW-03,2026-06-10 16:30:00,55.5,77.9,0.57,0.5612
LKW-03,2026-06-10 17:00:00,55.5,83.3,2.18,0.561
LKW-03,2026-06-10 17:30:00,55.5,75.7,3.42,0.5608
LKW-03,2026-06-10 18:00:00,55.5,89.5,1.96,0.5606
LKW-03,2026-06-10 18:30:00,55.4,81.2,2.48,0.5604
LKW-03,2026-06-10 19:00:00,55.4,89.7,4.46,0.5602
LKW-03,2026-06-10 19:30:00,55.4,86.0,2.23,0.56
LKW-03,2026-06-10 20:00:00,55.4,86.5,3.69,0.5598
LKW-03,2026-06-10 20:30:00,55.4,77.5,5.52,0.5596
LKW-03,2026-06-10 21:00:00,55.3,84.0,0.5,0.5594
LKW-03,2026-06-10 21:30:00,55.3,79.6,2.54,0.5593
LKW-03,2026-06-10 22:00:00,55.3,78.3,3.3,0.5591
LKW-03,2026-06-10 22:30:00,55.3,84.3,2.32,0.559
LKW-03,2026-06-10 23:00:00,55.3,79.6,3.22,0.5588
LKW-03,2026-06-10 23:30:00,55.3,94.2,3.11,0.5586
LKW-03,2026-06-11 00:00:00,55.3,81.6,3.49,0.5584
LKW-03,2026-06-11 00:30:00,55.2,92.7,1.15,0.5583
LKW-03,2026-06-11 01:00:00,55.2,77.6,2.87,0.5581
LKW-03,2026-06-11 01:30:00,55.2,76.4,4.92,0.558
LKW-03,2026-06-11 02:00:00,55.2,78.7,3.43,0.5578
LKW-03,2026-06-11 02:30:00,55.2,84.4,2.13,0.5577
LKW-03,2026-06-11 03:00:00,55.2,80.0,2.28,0.5576
LKW-03,2026-06-11 03:30:00,55.2,91.3,3.89,0.5574
LKW-03,2026-06-11 04:00:00,55.2,80.6,3.82,0.5573
LKW-03,2026-06-11 04:30:00,55.1,74.0,3.44,0.5571
LKW-03,2026-06-11 05:00:00,55.1,74.7,4.09,0.5569
LKW-03,2026-06-11 05:30:00,55.1,87.0,2.67,0.5568
LKW-03,2026-06-11 06:00:00,55.1,72.9,3.39,0.5567
LKW-03,2026-06-11 06:30:00,55.1,79.3,2.17,0.5565
LKW-03,2026-06-11 07:00:00,55.1,94.3,2.13,0.5563
LKW-03,2026-06-11 07:30:00,55.1,77.4,2.84,0.5562
LKW-03,2026-06-11 08:00:00,55.0,83.5,2.52,0.556
LKW-03,2026-06-11 08:30:00,55.0,73.8,5.86,0.5559
LKW-03,2026-06-11 09:00:00,55.0,76.9,2.81,0.5557
LKW-03,2026-06-11 09:30:00,55.0,71.1,3.23,0.5556
LKW-03,2026-06-11 10:00:00,55.0,87.4,2.59,0.5554
LKW-03,2026-06-11 10:30:00,55.0,96.1,5.62,0.5552
LKW-03,2026-06-11 11:00:00,55.0,88.1,2.43,0.5551
LKW-03,2026-06-11 11:30:00,54.9,76.1,2.86,0.5549
LKW-03,2026-06-11 12:00:00,54.9,81.4,3.75,0.5548
LKW-03,2026-06-11 12:30:00,54.9,82.3,1.95,0.5547
LKW-03,2026-06-11 13:00:00,54.9,82.5,3.0,0.5545
LKW-03,2026-06-11 13:30:00,54.9,77.5,4.12,0.5543
LKW-03,2026-06-11 14:00:00,54.9,80.2,3.97,0.5541
LKW-03,2026-06-11 14:30:00,54.9,83.9,4.54,0.554
LKW-03,2026-06-11 15:00:00,54.8,86.0,3.21,0.5538
LKW-03,2026-06-11 15:30:00,54.8,86.0,4.44,0.5537
LKW-03,2026-06-11 16:00:00,54.8,74.6,3.47,0.5536
LKW-03,2026-06-11 16:30:00,54.8,87.0,4.99,0.5534
LKW-03,2026-06-11 17:00:00,54.8,79.5,3.14,0.5532
LKW-03,2026-06-11 17:30:00,54.8,81.8,4.49,0.5531
LKW-03,2026-06-11 18:00:00,54.8,86.7,3.86,0.5529
LKW-03,2026-06-11 18:30:00,54.7,78.3,3.21,0.5527
LKW-03,2026-06-11 19:00:00,54.7,77.0,2.55,0.5526
LKW-03,2026-06-11 19:30:00,54.7,74.9,4.24,0.5524
LKW-03,2026-06-11 20:00:00,54.7,88.3,2.29,0.5522
LKW-03,2026-06-11 20:30:00,54.7,84.3,4.88,0.552
LKW-03,2026-06-11 21:00:00,54.7,92.9,2.92,0.5519
LKW-03,2026-06-11 21:30:00,54.7,78.9,3.3,0.5517
LKW-03,2026-06-11 22:00:00,54.6,96.7,2.71,0.5516
LKW-03,2026-06-11 22:30:00,54.6,82.9,2.55,0.5515
LKW-03,2026-06-11 23:00:00,54.6,83.3,2.26,0.5513
LKW-03,2026-06-11 23:30:00,54.6,79.0,4.08,0.5511
LKW-03,2026-06-12 00:00:00,54.6,75.4,3.54,0.551
LKW-03,2026-06-12 00:30:00,54.6,87.6,4.44,0.5508
LKW-03,2026-06-12 01:00:00,54.6,76.8,1.71,0.5507
LKW-03,2026-06-12 01:30:00,54.5,68.8,3.88,0.5505
LKW-03,2026-06-12 02:00:00,54.5,85.4,2.21,0.5503
LKW-03,2026-06-12 02:30:00,54.5,74.5,3.6,0.5501
LKW-03,2026-06-12 03:00:00,54.5,71.6,2.13,0.55
LKW-03,2026-06-12 03:30:00,54.5,91.0,2.46,0.5498
LKW-03,2026-06-12 04:00:00,54.5,80.0,3.37,0.5497
LKW-03,2026-06-12 04:30:00,54.5,84.3,4.35,0.5495
LKW-03,2026-06-12 05:00:00,54.4,85.1,3.5,0.5493
LKW-03,2026-06-12 05:30:00,54.4,80.0,2.6,0.5492
LKW-03,2026-06-12 06:00:00,54.4,84.8,4.72,0.5491
LKW-03,2026-06-12 06:30:00,54.4,77.6,2.43,0.5489
LKW-03,2026-06-12 07:00:00,54.4,75.7,2.1,0.5488
LKW-03,2026-06-12 07:30:00,54.4,85.7,2.2,0.5486
LKW-03,2026-06-12 08:00:00,54.4,89.0,1.91,0.5484
LKW-03,2026-06-12 08:30:00,54.3,79.6,2.16,0.5483
LKW-03,2026-06-12 09:00:00,54.3,67.6,1.75,0.5481
LKW-03,2026-06-12 09:30:00,54.3,74.1,4.43,0.548
LKW-03,2026-06-12 10:00:00,54.3,82.0,3.34,0.5478
LKW-03,2026-06-12 10:30:00,54.3,83.1,2.71,0.5476
LKW-03,2026-06-12 11:00:00,54.3,89.4,4.52,0.5475
LKW-03,2026-06-12 11:30:00,54.3,85.8,2.98,0.5473
LKW-03,2026-06-12 12:00:00,54.2,85.7,2.74,0.5471
LKW-03,2026-06-12 12:30:00,54.2,79.6,4.94,0.5469
LKW-03,2026-06-12 13:00:00,54.2,78.1,2.91,0.5468
LKW-03,2026-06-12 13:30:00,54.2,88.3,2.54,0.5466
LKW-03,2026-06-12 14:00:00,54.2,76.0,2.45,0.5465
LKW-03,2026-06-12 14:30:00,54.2,85.0,3.51,0.5463
LKW-03,2026-06-12 15:00:00,54.1,88.4,4.39,0.5461
LKW-03,2026-06-12 15:30:00,54.1,88.8,3.53,0.546
LKW-03,2026-06-12 16:00:00,54.1,78.9,3.76,0.5458
LKW-03,2026-06-12 16:30:00,54.1,96.1,3.24,0.5456
LKW-03,2026-06-12 17:00:00,54.1,80.6,1.99,0.5455
LKW-03,2026-06-12 17:30:00,54.1,87.1,1.54,0.5453
LKW-03,2026-06-12 18:00:00,54.1,88.6,2.82,0.5451
LKW-03,2026-06-12 18:30:00,54.0,72.6,4.33,0.545
LKW-03,2026-06-12 19:00:00,54.0,78.7,2.69,0.5448
LKW-03,2026-06-12 19:30:00,54.0,79.1,2.9,0.5447
LKW-03,2026-06-12 20:00:00,54.0,83.7,2.61,0.5445
LKW-03,2026-06-12 20:30:00,54.0,77.6,4.2,0.5444
LKW-04,2026-06-09 21:00:00,69.4,79.7,0.96,0.716
LKW-04,2026-06-09 21:30:00,69.4,94.8,3.34,0.7159
LKW-04,2026-06-09 22:00:00,69.4,77.0,3.49,0.7158
LKW-04,2026-06-09 22:30:00,69.4,76.8,4.49,0.7156
LKW-04,2026-06-09 23:00:00,69.4,93.7,2.11,0.7155
LKW-04,2026-06-09 23:30:00,69.4,86.5,3.89,0.7154
LKW-04,2026-06-10 00:00:00,69.4,75.1,2.88,0.7153
LKW-04,2026-06-10 00:30:00,69.4,72.4,3.81,0.7151
LKW-04,2026-06-10 01:00:00,69.4,72.1,3.31,0.715
LKW-04,2026-06-10 01:30:00,69.3,86.4,1.87,0.7149
LKW-04,2026-06-10 02:00:00,69.3,76.0,4.0,0.7147
LKW-04,2026-06-10 02:30:00,69.3,70.1,1.95,0.7146
LKW-04,2026-06-10 03:00:00,69.3,78.7,3.3,0.7145
LKW-04,2026-06-10 03:30:00,69.3,82.5,2.63,0.7144
LKW-04,2026-06-10 04:00:00,69.3,74.0,2.03,0.7142
LKW-04,2026-06-10 04:30:00,69.3,74.5,3.64,0.7141
LKW-04,2026-06-10 05:00:00,69.3,80.0,2.83,0.714
LKW-04,2026-06-10 05:30:00,69.2,84.4,1.08,0.7138
LKW-04,2026-06-10 06:00:00,69.2,80.2,2.84,0.7137
LKW-04,2026-06-10 06:30:00,69.2,76.9,4.31,0.7136
LKW-04,2026-06-10 07:00:00,69.2,93.7,3.53,0.7135
LKW-04,2026-06-10 07:30:00,69.2,76.1,2.71,0.7133
LKW-04,2026-06-10 08:00:00,69.2,83.9,1.98,0.7132
LKW-04,2026-06-10 08:30:00,69.2,86.0,4.46,0.7131
LKW-04,2026-06-10 09:00:00,69.2,76.8,2.74,0.713
LKW-04,2026-06-10 09:30:00,69.2,86.9,6.05,0.7128
LKW-04,2026-06-10 10:00:00,69.1,79.5,2.52,0.7127
LKW-04,2026-06-10 10:30:00,69.1,82.1,3.96,0.7126
LKW-04,2026-06-10 11:00:00,69.1,89.8,3.92,0.7125
LKW-04,2026-06-10 11:30:00,69.1,79.5,1.87,0.7123
LKW-04,2026-06-10 12:00:00,69.1,86.5,3.26,0.7122
LKW-04,2026-06-10 12:30:00,69.1,79.6,4.37,0.7121
LKW-04,2026-06-10 13:00:00,69.1,82.0,3.35,0.7119
LKW-04,2026-06-10 13:30:00,69.1,70.1,4.2,0.7118
LKW-04,2026-06-10 14:00:00,69.1,89.9,3.42,0.7117
LKW-04,2026-06-10 14:30:00,69.0,77.3,3.35,0.7116
LKW-04,2026-06-10 15:00:00,69.0,88.1,4.5,0.7115
LKW-04,2026-06-10 15:30:00,69.0,85.0,2.34,0.7114
LKW-04,2026-06-10 16:00:00,69.0,84.0,3.94,0.7112
LKW-04,2026-06-10 16:30:00,69.0,71.9,5.36,0.7111
LKW-04,2026-06-10 17:00:00,69.0,85.0,4.43,0.711
LKW-04,2026-06-10 17:30:00,69.0,79.9,3.57,0.7108
LKW-04,2026-06-10 18:00:00,69.0,81.3,3.21,0.7107
LKW-04,2026-06-10 18:30:00,69.0,80.7,6.0,0.7106
LKW-04,2026-06-10 19:00:00,68.9,88.1,3.42,0.7105
LKW-04,2026-06-10 19:30:00,68.9,78.1,2.66,0.7103
LKW-04,2026-06-10 20:00:00,68.9,83.9,4.02,0.7102
LKW-04,2026-06-10 20:30:00,68.9,81.0,2.84,0.7101
LKW-04,2026-06-10 21:00:00,68.9,73.0,3.0,0.7099
LKW-04,2026-06-10 21:30:00,68.9,81.9,2.24,0.7098
LKW-04,2026-06-10 22:00:00,68.9,81.7,2.58,0.7097
LKW-04,2026-06-10 22:30:00,68.9,74.7,1.78,0.7096
LKW-04,2026-06-10 23:00:00,68.8,79.0,4.11,0.7094
LKW-04,2026-06-10 23:30:00,68.8,80.4,4.33,0.7093
LKW-04,2026-06-11 00:00:00,68.8,84.6,2.55,0.7092
LKW-04,2026-06-11 00:30:00,68.8,86.7,1.1,0.7091
LKW-04,2026-06-11 01:00:00,68.8,75.0,2.96,0.7089
LKW-04,2026-06-11 01:30:00,68.8,82.1,3.9,0.7088
LKW-04,2026-06-11 02:00:00,68.8,68.7,3.01,0.7087
LKW-04,2026-06-11 02:30:00,68.8,84.2,4.04,0.7085
LKW-04,2026-06-11 03:00:00,68.8,88.2,3.12,0.7084
LKW-04,2026-06-11 03:30:00,68.7,73.8,2.53,0.7083
LKW-04,2026-06-11 04:00:00,68.7,80.0,2.75,0.7082
LKW-04,2026-06-11 04:30:00,68.7,85.7,1.95,0.7081
LKW-04,2026-06-11 05:00:00,68.7,76.0,2.63,0.7079
LKW-04,2026-06-11 05:30:00,68.7,81.6,4.19,0.7078
LKW-04,2026-06-11 06:00:00,68.7,90.1,4.4,0.7077
LKW-04,2026-06-11 06:30:00,68.7,82.3,3.46,0.7075
LKW-04,2026-06-11 07:00:00,68.7,92.4,4.66,0.7074
LKW-04,2026-06-11 07:30:00,68.7,81.7,3.77,0.7073
LKW-04,2026-06-11 08:00:00,68.6,84.6,2.65,0.7072
LKW-04,2026-06-11 08:30:00,68.6,87.2,3.65,0.707
LKW-04,2026-06-11 09:00:00,68.6,82.7,0.71,0.7069
LKW-04,2026-06-11 09:30:00,68.6,75.5,2.36,0.7068
LKW-04,2026-06-11 10:00:00,68.6,81.8,4.39,0.7067
LKW-04,2026-06-11 10:30:00,68.6,84.2,3.97,0.7065
LKW-04,2026-06-11 11:00:00,68.6,79.0,3.48,0.7064
LKW-04,2026-06-11 11:30:00,68.6,84.4,4.46,0.7063
LKW-04,2026-06-11 12:00:00,68.5,79.9,1.4,0.7061
LKW-04,2026-06-11 12:30:00,68.5,76.8,3.96,0.706
LKW-04,2026-06-11 13:00:00,68.5,85.7,4.77,0.7059
LKW-04,2026-06-11 13:30:00,68.5,79.4,3.24,0.7058
LKW-04,2026-06-11 14:00:00,68.5,80.4,1.49,0.7057
LKW-04,2026-06-11 14:30:00,68.5,79.1,3.87,0.7055
LKW-04,2026-06-11 15:00:00,68.5,75.0,2.52,0.7054
LKW-04,2026-06-11 15:30:00,68.5,82.4,3.73,0.7053
LKW-04,2026-06-11 16:00:00,68.5,80.3,2.43,0.7051
LKW-04,2026-06-11 16:30:00,68.4,76.9,3.57,0.705
LKW-04,2026-06-11 17:00:00,68.4,87.6,3.98,0.7049
LKW-04,2026-06-11 17:30:00,68.4,79.6,4.5,0.7047
LKW-04,2026-06-11 18:00:00,68.4,73.8,2.44,0.7046
LKW-04,2026-06-11 18:30:00,68.4,83.7,1.79,0.7045
LKW-04,2026-06-11 19:00:00,68.4,69.6,4.29,0.7043
LKW-04,2026-06-11 19:30:00,68.4,83.7,2.77,0.7042
LKW-04,2026-06-11 20:00:00,68.4,75.5,4.26,0.7041
LKW-04,2026-06-11 20:30:00,68.4,77.9,4.86,0.704
LKW-04,2026-06-11 21:00:00,68.4,71.9,4.65,0.7039
LKW-04,2026-06-11 21:30:00,68.3,66.2,1.91,0.7038
LKW-04,2026-06-11 22:00:00,68.3,85.5,0.5,0.7037
LKW-04,2026-06-11 22:30:00,68.3,82.2,3.91,0.7036
LKW-04,2026-06-11 23:00:00,68.3,79.3,3.07,0.7035
LKW-04,2026-06-11 23:30:00,68.3,83.1,5.1,0.7034
LKW-04,2026-06-12 00:00:00,68.3,89.0,3.79,0.7033
LKW-04,2026-06-12 00:30:00,68.3,75.8,3.14,0.7032
LKW-04,2026-06-12 01:00:00,68.3,83.3,3.32,0.7031
LKW-04,2026-06-12 01:30:00,68.3,83.8,4.09,0.703
LKW-04,2026-06-12 02:00:00,68.3,85.0,4.48,0.7029
LKW-04,2026-06-12 02:30:00,68.3,79.4,3.49,0.7028
LKW-04,2026-06-12 03:00:00,68.2,74.7,3.8,0.7027
LKW-04,2026-06-12 03:30:00,68.2,74.9,1.01,0.7026
LKW-04,2026-06-12 04:00:00,68.2,74.7,2.49,0.7025
LKW-04,2026-06-12 04:30:00,68.2,80.7,2.44,0.7024
LKW-04,2026-06-12 05:00:00,68.2,80.5,1.9,0.7023
LKW-04,2026-06-12 05:30:00,68.2,88.1,4.83,0.7022
LKW-04,2026-06-12 06:00:00,68.2,78.1,3.1,0.7021
LKW-04,2026-06-12 06:30:00,68.2,90.3,4.07,0.702
LKW-04,2026-06-12 07:00:00,68.2,86.6,2.47,0.7019
LKW-04,2026-06-12 07:30:00,68.2,77.1,3.44,0.7018
LKW-04,2026-06-12 08:00:00,68.2,83.8,4.56,0.7018
LKW-04,2026-06-12 08:30:00,68.2,82.6,2.47,0.7017
LKW-04,2026-06-12 09:00:00,68.1,69.1,2.35,0.7015
LKW-04,2026-06-12 09:30:00,68.1,85.5,0.5,0.7014
LKW-04,2026-06-12 10:00:00,68.1,74.9,3.85,0.7014
LKW-04,2026-06-12 10:30:00,68.1,81.5,2.79,0.7013
LKW-04,2026-06-12 11:00:00,68.1,82.4,4.27,0.7012
LKW-04,2026-06-12 11:30:00,68.1,90.9,3.15,0.7011
LKW-04,2026-06-12 12:00:00,68.1,79.5,3.18,0.7009
LKW-04,2026-06-12 12:30:00,68.1,81.9,2.74,0.7008
LKW-04,2026-06-12 13:00:00,68.1,74.8,2.53,0.7008
LKW-04,2026-06-12 13:30:00,68.1,71.5,3.21,0.7007
LKW-04,2026-06-12 14:00:00,68.1,85.6,4.33,0.7006
LKW-04,2026-06-12 14:30:00,68.0,77.7,4.39,0.7004
LKW-04,2026-06-12 15:00:00,68.0,84.0,3.93,0.7003
LKW-04,2026-06-12 15:30:00,68.0,82.2,3.43,0.7002
LKW-04,2026-06-12 16:00:00,68.0,81.5,4.93,0.7001
LKW-04,2026-06-12 16:30:00,68.0,79.5,4.73,0.7
LKW-04,2026-06-12 17:00:00,68.0,86.0,4.4,0.6999
LKW-04,2026-06-12 17:30:00,68.0,83.7,5.14,0.6999
LKW-04,2026-06-12 18:00:00,68.0,78.8,3.9,0.6998
LKW-04,2026-06-12 18:30:00,68.0,84.6,3.51,0.6996
LKW-04,2026-06-12 19:00:00,68.0,80.3,2.63,0.6996
LKW-04,2026-06-12 19:30:00,68.0,92.1,3.38,0.6995
LKW-04,2026-06-12 20:00:00,67.9,77.8,3.84,0.6994
LKW-04,2026-06-12 20:30:00,67.9,75.6,3.03,0.6993
LKW-05,2026-06-09 21:00:00,64.9,82.1,2.32,0.6657
LKW-05,2026-06-09 21:30:00,64.9,74.8,2.09,0.6656
LKW-05,2026-06-09 22:00:00,64.9,77.1,3.08,0.6654
LKW-05,2026-06-09 22:30:00,64.9,81.6,3.77,0.6652
LKW-05,2026-06-09 23:00:00,64.9,79.8,1.39,0.6651
LKW-05,2026-06-09 23:30:00,64.8,82.5,3.23,0.6649
LKW-05,2026-06-10 00:00:00,64.8,73.2,4.78,0.6647
LKW-05,2026-06-10 00:30:00,64.8,88.0,2.0,0.6646
LKW-05,2026-06-10 01:00:00,64.8,77.9,1.35,0.6644
LKW-05,2026-06-10 01:30:00,64.8,71.8,4.44,0.6643
LKW-05,2026-06-10 02:00:00,64.8,77.6,1.57,0.6641
LKW-05,2026-06-10 02:30:00,64.8,81.2,1.27,0.664
LKW-05,2026-06-10 03:00:00,64.7,82.7,4.94,0.6638
LKW-05,2026-06-10 03:30:00,64.7,81.3,3.02,0.6637
LKW-05,2026-06-10 04:00:00,64.7,81.4,3.15,0.6635
LKW-05,2026-06-10 04:30:00,64.7,80.1,3.86,0.6633
LKW-05,2026-06-10 05:00:00,64.7,80.7,3.48,0.6632
LKW-05,2026-06-10 05:30:00,64.7,70.8,2.16,0.663
LKW-05,2026-06-10 06:00:00,64.7,83.6,4.29,0.6629
LKW-05,2026-06-10 06:30:00,64.6,81.8,2.98,0.6627
LKW-05,2026-06-10 07:00:00,64.6,72.6,3.91,0.6626
LKW-05,2026-06-10 07:30:00,64.6,78.9,4.63,0.6624
LKW-05,2026-06-10 08:00:00,64.6,89.1,2.39,0.6622
LKW-05,2026-06-10 08:30:00,64.6,78.6,1.95,0.6621
LKW-05,2026-06-10 09:00:00,64.6,85.6,3.87,0.6619
LKW-05,2026-06-10 09:30:00,64.6,80.4,2.94,0.6617
LKW-05,2026-06-10 10:00:00,64.5,80.6,3.04,0.6616
LKW-05,2026-06-10 10:30:00,64.5,70.8,1.19,0.6615
LKW-05,2026-06-10 11:00:00,64.5,87.6,2.95,0.6613
LKW-05,2026-06-10 11:30:00,64.5,84.2,3.03,0.6611
LKW-05,2026-06-10 12:00:00,64.5,67.9,3.73,0.661
LKW-05,2026-06-10 12:30:00,64.5,70.6,0.81,0.6608
LKW-05,2026-06-10 13:00:00,64.5,73.8,2.42,0.6606
LKW-05,2026-06-10 13:30:00,64.4,80.2,3.97,0.6605
LKW-05,2026-06-10 14:00:00,64.4,81.1,3.29,0.6603
LKW-05,2026-06-10 14:30:00,64.4,81.3,3.82,0.6602
LKW-05,2026-06-10 15:00:00,64.4,71.5,1.37,0.66
LKW-05,2026-06-10 15:30:00,64.4,89.1,3.78,0.6598
LKW-05,2026-06-10 16:00:00,64.4,76.4,2.84,0.6597
LKW-05,2026-06-10 16:30:00,64.4,78.4,6.26,0.6595
LKW-05,2026-06-10 17:00:00,64.3,88.5,5.87,0.6593
LKW-05,2026-06-10 17:30:00,64.3,79.5,3.41,0.6592
LKW-05,2026-06-10 18:00:00,64.3,76.3,2.49,0.659
LKW-05,2026-06-10 18:30:00,64.3,77.5,3.14,0.6588
LKW-05,2026-06-10 19:00:00,64.3,82.2,3.05,0.6586
LKW-05,2026-06-10 19:30:00,64.3,91.1,2.48,0.6585
LKW-05,2026-06-10 20:00:00,64.2,77.0,2.4,0.6583
LKW-05,2026-06-10 20:30:00,64.2,87.2,1.72,0.6582
LKW-05,2026-06-10 21:00:00,64.2,74.5,3.19,0.658
LKW-05,2026-06-10 21:30:00,64.2,89.1,3.07,0.6578
LKW-05,2026-06-10 22:00:00,64.2,78.5,2.04,0.6577
LKW-05,2026-06-10 22:30:00,64.2,82.4,4.06,0.6575
LKW-05,2026-06-10 23:00:00,64.2,72.2,4.69,0.6573
LKW-05,2026-06-10 23:30:00,64.1,79.9,2.68,0.6572
LKW-05,2026-06-11 00:00:00,64.1,83.6,3.87,0.657
LKW-05,2026-06-11 00:30:00,64.1,86.3,4.69,0.6568
LKW-05,2026-06-11 01:00:00,64.1,76.0,1.75,0.6567
LKW-05,2026-06-11 01:30:00,64.1,80.7,1.97,0.6565
LKW-05,2026-06-11 02:00:00,64.1,70.9,5.46,0.6563
LKW-05,2026-06-11 02:30:00,64.1,74.1,2.08,0.6562
LKW-05,2026-06-11 03:00:00,64.0,73.2,2.62,0.656
LKW-05,2026-06-11 03:30:00,64.0,76.9,2.88,0.6559
LKW-05,2026-06-11 04:00:00,64.0,75.5,1.1,0.6557
LKW-05,2026-06-11 04:30:00,64.0,90.5,2.58,0.6555
LKW-05,2026-06-11 05:00:00,64.0,82.3,1.67,0.6554
LKW-05,2026-06-11 05:30:00,64.0,86.6,3.77,0.6552
LKW-05,2026-06-11 06:00:00,64.0,78.1,5.4,0.6551
LKW-05,2026-06-11 06:30:00,63.9,89.5,3.04,0.6549
LKW-05,2026-06-11 07:00:00,63.9,77.9,1.2,0.6547
LKW-05,2026-06-11 07:30:00,63.9,83.8,3.46,0.6546
LKW-05,2026-06-11 08:00:00,63.9,77.5,2.89,0.6544
LKW-05,2026-06-11 08:30:00,63.9,81.9,3.22,0.6543
LKW-05,2026-06-11 09:00:00,63.9,81.4,4.0,0.6541
LKW-05,2026-06-11 09:30:00,63.9,72.2,3.78,0.654
LKW-05,2026-06-11 10:00:00,63.8,82.9,3.81,0.6538
LKW-05,2026-06-11 10:30:00,63.8,73.7,4.47,0.6536
LKW-05,2026-06-11 11:00:00,63.8,75.8,2.75,0.6535
LKW-05,2026-06-11 11:30:00,63.8,86.0,2.36,0.6533
LKW-05,2026-06-11 12:00:00,63.8,92.3,3.89,0.6531
LKW-05,2026-06-11 12:30:00,63.8,93.2,2.26,0.653
LKW-05,2026-06-11 13:00:00,63.8,85.5,2.19,0.6528
LKW-05,2026-06-11 13:30:00,63.7,76.7,4.19,0.6526
LKW-05,2026-06-11 14:00:00,63.7,74.7,1.21,0.6525
LKW-05,2026-06-11 14:30:00,63.7,88.2,3.77,0.6523
LKW-05,2026-06-11 15:00:00,63.7,71.0,2.84,0.6521
LKW-05,2026-06-11 15:30:00,63.7,87.1,2.51,0.652
LKW-05,2026-06-11 16:00:00,63.7,84.6,2.35,0.6518
LKW-05,2026-06-11 16:30:00,63.6,87.8,1.85,0.6516
LKW-05,2026-06-11 17:00:00,63.6,87.2,2.36,0.6514
LKW-05,2026-06-11 17:30:00,63.6,79.5,2.83,0.6513
LKW-05,2026-06-11 18:00:00,63.6,79.4,2.12,0.6512
LKW-05,2026-06-11 18:30:00,63.6,80.1,3.39,0.651
LKW-05,2026-06-11 19:00:00,63.6,76.1,3.34,0.6508
LKW-05,2026-06-11 19:30:00,63.6,94.0,2.42,0.6507
LKW-05,2026-06-11 20:00:00,63.5,79.4,3.42,0.6505
LKW-05,2026-06-11 20:30:00,63.5,75.9,3.34,0.6504
LKW-05,2026-06-11 21:00:00,63.5,93.0,3.74,0.6502
LKW-05,2026-06-11 21:30:00,63.5,86.4,3.0,0.65
LKW-05,2026-06-11 22:00:00,63.5,85.7,3.65,0.6499
LKW-05,2026-06-11 22:30:00,63.5,84.3,2.89,0.6497
LKW-05,2026-06-11 23:00:00,63.5,77.7,5.07,0.6496
LKW-05,2026-06-11 23:30:00,63.4,77.8,3.05,0.6494
LKW-05,2026-06-12 00:00:00,63.4,83.5,1.98,0.6492
LKW-05,2026-06-12 00:30:00,63.4,81.6,4.94,0.6491
LKW-05,2026-06-12 01:00:00,63.4,73.9,1.96,0.6489
LKW-05,2026-06-12 01:30:00,63.4,83.3,2.8,0.6487
LKW-05,2026-06-12 02:00:00,63.4,84.2,2.86,0.6486
LKW-05,2026-06-12 02:30:00,63.4,75.9,4.13,0.6484
LKW-05,2026-06-12 03:00:00,63.3,83.1,2.67,0.6482
LKW-05,2026-06-12 03:30:00,63.3,88.1,2.87,0.6481
LKW-05,2026-06-12 04:00:00,63.3,72.8,2.59,0.6479
LKW-05,2026-06-12 04:30:00,63.3,77.7,2.08,0.6478
LKW-05,2026-06-12 05:00:00,63.3,74.4,3.39,0.6476
LKW-05,2026-06-12 05:30:00,63.3,90.5,2.33,0.6474
LKW-05,2026-06-12 06:00:00,63.2,86.8,3.02,0.6472
LKW-05,2026-06-12 06:30:00,63.2,82.3,3.31,0.6471
LKW-05,2026-06-12 07:00:00,63.2,89.7,3.76,0.6469
LKW-05,2026-06-12 07:30:00,63.2,87.9,1.36,0.6467
LKW-05,2026-06-12 08:00:00,63.2,76.8,3.36,0.6466
LKW-05,2026-06-12 08:30:00,63.2,74.4,2.89,0.6464
LKW-05,2026-06-12 09:00:00,63.2,76.0,2.78,0.6463
LKW-05,2026-06-12 09:30:00,63.1,76.8,0.7,0.6461
LKW-05,2026-06-12 10:00:00,63.1,83.0,2.51,0.6459
LKW-05,2026-06-12 10:30:00,63.1,89.7,2.48,0.6458
LKW-05,2026-06-12 11:00:00,63.1,78.4,3.58,0.6456
LKW-05,2026-06-12 11:30:00,63.1,86.2,3.1,0.6455
LKW-05,2026-06-12 12:00:00,63.1,77.3,4.5,0.6453
LKW-05,2026-06-12 12:30:00,63.1,88.3,4.1,0.6452
LKW-05,2026-06-12 13:00:00,63.0,79.1,2.98,0.645
LKW-05,2026-06-12 13:30:00,63.0,72.7,2.37,0.6448
LKW-05,2026-06-12 14:00:00,63.0,87.3,3.36,0.6447
LKW-05,2026-06-12 14:30:00,63.0,82.4,3.04,0.6445
LKW-05,2026-06-12 15:00:00,63.0,90.6,1.43,0.6443
LKW-05,2026-06-12 15:30:00,63.0,82.3,4.92,0.6441
LKW-05,2026-06-12 16:00:00,63.0,84.1,2.6,0.644
LKW-05,2026-06-12 16:30:00,62.9,84.5,3.64,0.6438
LKW-05,2026-06-12 17:00:00,62.9,85.4,3.57,0.6437
LKW-05,2026-06-12 17:30:00,62.9,92.1,3.22,0.6435
LKW-05,2026-06-12 18:00:00,62.9,89.9,2.43,0.6434
LKW-05,2026-06-12 18:30:00,62.9,87.9,4.54,0.6432
LKW-05,2026-06-12 19:00:00,62.9,88.1,2.3,0.6431
LKW-05,2026-06-12 19:30:00,62.9,86.3,4.9,0.6429
LKW-05,2026-06-12 20:00:00,62.8,71.4,3.19,0.6427
LKW-05,2026-06-12 20:30:00,62.8,89.9,3.34,0.6426
LKW-06,2026-06-09 21:00:00,71.1,78.0,3.32,0.7346
LKW-06,2026-06-09 21:30:00,71.1,91.0,2.48,0.7345
LKW-06,2026-06-09 22:00:00,71.1,84.6,4.31,0.7344
LKW-06,2026-06-09 22:30:00,71.1,88.8,3.71,0.7343
LKW-06,2026-06-09 23:00:00,71.1,89.0,4.41,0.7342
LKW-06,2026-06-09 23:30:00,71.1,84.9,3.89,0.7341
LKW-06,2026-06-10 00:00:00,71.1,87.4,4.11,0.734
LKW-06,2026-06-10 00:30:00,71.1,76.9,2.3,0.7339
LKW-06,2026-06-10 01:00:00,71.0,88.0,4.5,0.7338
LKW-06,2026-06-10 01:30:00,71.0,80.1,2.22,0.7337
LKW-06,2026-06-10 02:00:00,71.0,93.2,2.57,0.7336
LKW-06,2026-06-10 02:30:00,71.0,83.4,4.27,0.7335
LKW-06,2026-06-10 03:00:00,71.0,70.0,4.79,0.7334
LKW-06,2026-06-10 03:30:00,71.0,93.8,1.86,0.7333
LKW-06,2026-06-10 04:00:00,71.0,77.5,3.24,0.7332
LKW-06,2026-06-10 04:30:00,71.0,87.6,3.53,0.7331
LKW-06,2026-06-10 05:00:00,71.0,77.8,1.48,0.7331
LKW-06,2026-06-10 05:30:00,71.0,79.6,2.76,0.7329
LKW-06,2026-06-10 06:00:00,71.0,83.2,3.6,0.7328
LKW-06,2026-06-10 06:30:00,71.0,86.0,3.2,0.7328
LKW-06,2026-06-10 07:00:00,70.9,84.9,2.78,0.7327
LKW-06,2026-06-10 07:30:00,70.9,82.1,3.55,0.7325
LKW-06,2026-06-10 08:00:00,70.9,83.2,3.07,0.7324
LKW-06,2026-06-10 08:30:00,70.9,73.3,1.57,0.7323
LKW-06,2026-06-10 09:00:00,70.9,87.3,3.73,0.7322
LKW-06,2026-06-10 09:30:00,70.9,81.5,3.31,0.7322
LKW-06,2026-06-10 10:00:00,70.9,80.1,3.65,0.7321
LKW-06,2026-06-10 10:30:00,70.9,72.3,2.37,0.732
LKW-06,2026-06-10 11:00:00,70.9,79.7,4.66,0.7319
LKW-06,2026-06-10 11:30:00,70.9,74.7,3.01,0.7318
LKW-06,2026-06-10 12:00:00,70.9,71.8,2.6,0.7317
LKW-06,2026-06-10 12:30:00,70.8,86.3,2.3,0.7315
LKW-06,2026-06-10 13:00:00,70.8,85.4,1.21,0.7315
LKW-06,2026-06-10 13:30:00,70.8,76.1,3.46,0.7313
LKW-06,2026-06-10 14:00:00,70.8,77.4,3.31,0.7312
LKW-06,2026-06-10 14:30:00,70.8,78.4,3.5,0.7311
LKW-06,2026-06-10 15:00:00,70.8,78.4,4.32,0.731
LKW-06,2026-06-10 15:30:00,70.8,80.2,3.37,0.7309
LKW-06,2026-06-10 16:00:00,70.8,82.9,3.13,0.7308
LKW-06,2026-06-10 16:30:00,70.8,78.0,3.15,0.7307
LKW-06,2026-06-10 17:00:00,70.8,78.9,3.9,0.7306
LKW-06,2026-06-10 17:30:00,70.8,82.0,2.77,0.7306
LKW-06,2026-06-10 18:00:00,70.7,80.6,3.1,0.7305
LKW-06,2026-06-10 18:30:00,70.7,91.9,3.06,0.7304
LKW-06,2026-06-10 19:00:00,70.7,93.2,2.32,0.7303
LKW-06,2026-06-10 19:30:00,70.7,76.1,4.33,0.7302
LKW-06,2026-06-10 20:00:00,70.7,79.7,1.75,0.7301
LKW-06,2026-06-10 20:30:00,70.7,90.4,4.28,0.73
LKW-06,2026-06-10 21:00:00,70.7,75.1,3.74,0.7299
LKW-06,2026-06-10 21:30:00,70.7,90.0,2.32,0.7299
LKW-06,2026-06-10 22:00:00,70.7,85.8,4.11,0.7298
LKW-06,2026-06-10 22:30:00,70.7,69.9,4.34,0.7297
LKW-06,2026-06-10 23:00:00,70.7,77.9,3.64,0.7297
LKW-06,2026-06-10 23:30:00,70.7,81.3,1.4,0.7296
LKW-06,2026-06-11 00:00:00,70.7,69.7,2.6,0.7295
LKW-06,2026-06-11 00:30:00,70.6,90.1,4.07,0.7294
LKW-06,2026-06-11 01:00:00,70.6,76.2,3.87,0.7294
LKW-06,2026-06-11 01:30:00,70.6,67.2,2.16,0.7293
LKW-06,2026-06-11 02:00:00,70.6,67.3,5.44,0.7292
LKW-06,2026-06-11 02:30:00,70.6,97.2,1.4,0.7291
LKW-06,2026-06-11 03:00:00,70.6,72.6,4.03,0.729
LKW-06,2026-06-11 03:30:00,70.6,82.3,5.75,0.729
LKW-06,2026-06-11 04:00:00,70.6,71.7,4.18,0.7289
LKW-06,2026-06-11 04:30:00,70.6,79.6,1.94,0.7288
LKW-06,2026-06-11 05:00:00,70.6,88.0,2.1,0.7288
LKW-06,2026-06-11 05:30:00,70.6,84.0,2.92,0.7287
LKW-06,2026-06-11 06:00:00,70.6,73.3,3.02,0.7286
LKW-06,2026-06-11 06:30:00,70.6,75.7,2.67,0.7286
LKW-06,2026-06-11 07:00:00,70.6,86.1,3.4,0.7285
LKW-06,2026-06-11 07:30:00,70.6,68.6,4.66,0.7284
LKW-06,2026-06-11 08:00:00,70.6,77.0,4.88,0.7284
LKW-06,2026-06-11 08:30:00,70.5,81.2,2.62,0.7283
LKW-06,2026-06-11 09:00:00,70.5,82.2,3.39,0.7282
LKW-06,2026-06-11 09:30:00,70.5,86.5,3.01,0.7281
LKW-06,2026-06-11 10:00:00,70.5,80.9,3.6,0.7281
LKW-06,2026-06-11 10:30:00,70.5,83.3,3.96,0.728
LKW-06,2026-06-11 11:00:00,70.5,75.5,3.89,0.7279
LKW-06,2026-06-11 11:30:00,70.5,81.6,3.79,0.7278
LKW-06,2026-06-11 12:00:00,70.5,83.3,1.62,0.7278
LKW-06,2026-06-11 12:30:00,70.5,81.9,2.71,0.7277
LKW-06,2026-06-11 13:00:00,70.5,68.7,3.64,0.7276
LKW-06,2026-06-11 13:30:00,70.5,79.0,4.88,0.7276
LKW-06,2026-06-11 14:00:00,70.5,85.5,3.44,0.7275
LKW-06,2026-06-11 14:30:00,70.5,86.0,2.72,0.7274
LKW-06,2026-06-11 15:00:00,70.5,82.2,1.93,0.7273
LKW-06,2026-06-11 15:30:00,70.5,83.0,2.39,0.7273
LKW-06,2026-06-11 16:00:00,70.4,80.9,2.68,0.7272
LKW-06,2026-06-11 16:30:00,70.4,78.8,2.63,0.7271
LKW-06,2026-06-11 17:00:00,70.4,74.7,3.18,0.727
LKW-06,2026-06-11 17:30:00,70.4,78.1,3.34,0.727
LKW-06,2026-06-11 18:00:00,70.4,75.4,3.4,0.7269
LKW-06,2026-06-11 18:30:00,70.4,75.0,3.92,0.7268
LKW-06,2026-06-11 19:00:00,70.4,84.8,4.03,0.7267
LKW-06,2026-06-11 19:30:00,70.4,86.1,4.8,0.7267
LKW-06,2026-06-11 20:00:00,70.4,70.0,3.5,0.7266
LKW-06,2026-06-11 20:30:00,70.4,87.8,3.09,0.7265
LKW-06,2026-06-11 21:00:00,70.4,79.0,3.43,0.7264
LKW-06,2026-06-11 21:30:00,70.4,66.3,4.15,0.7263
LKW-06,2026-06-11 22:00:00,70.4,86.1,4.28,0.7262
LKW-06,2026-06-11 22:30:00,70.3,73.2,1.62,0.7261
LKW-06,2026-06-11 23:00:00,70.3,81.8,2.78,0.726
LKW-06,2026-06-11 23:30:00,70.3,80.6,2.92,0.7259
LKW-06,2026-06-12 00:00:00,70.3,84.8,2.64,0.7258
LKW-06,2026-06-12 00:30:00,70.3,84.9,4.87,0.7257
LKW-06,2026-06-12 01:00:00,70.3,83.9,1.93,0.7256
LKW-06,2026-06-12 01:30:00,70.3,84.6,3.28,0.7255
LKW-06,2026-06-12 02:00:00,70.3,78.4,4.51,0.7254
LKW-06,2026-06-12 02:30:00,70.3,72.0,2.86,0.7253
LKW-06,2026-06-12 03:00:00,70.3,79.4,2.91,0.7252
LKW-06,2026-06-12 03:30:00,70.3,76.6,3.6,0.7251
LKW-06,2026-06-12 04:00:00,70.2,82.0,4.19,0.725
LKW-06,2026-06-12 04:30:00,70.2,88.8,3.31,0.7249
LKW-06,2026-06-12 05:00:00,70.2,67.5,2.57,0.7248
LKW-06,2026-06-12 05:30:00,70.2,71.8,1.59,0.7247
LKW-06,2026-06-12 06:00:00,70.2,85.9,2.82,0.7246
LKW-06,2026-06-12 06:30:00,70.2,82.6,4.76,0.7245
LKW-06,2026-06-12 07:00:00,70.2,78.7,3.99,0.7244
LKW-06,2026-06-12 07:30:00,70.2,73.7,2.79,0.7243
LKW-06,2026-06-12 08:00:00,70.2,87.7,2.57,0.7242
LKW-06,2026-06-12 08:30:00,70.2,77.7,2.92,0.7241
LKW-06,2026-06-12 09:00:00,70.2,83.0,4.07,0.724
LKW-06,2026-06-12 09:30:00,70.2,90.3,4.49,0.7239
LKW-06,2026-06-12 10:00:00,70.1,83.8,3.4,0.7238
LKW-06,2026-06-12 10:30:00,70.1,73.3,2.8,0.7237
LKW-06,2026-06-12 11:00:00,70.1,83.0,2.72,0.7237
LKW-06,2026-06-12 11:30:00,70.1,73.1,3.49,0.7235
LKW-06,2026-06-12 12:00:00,70.1,78.7,2.55,0.7234
LKW-06,2026-06-12 12:30:00,70.1,79.2,3.68,0.7233
LKW-06,2026-06-12 13:00:00,70.1,89.2,2.91,0.7232
LKW-06,2026-06-12 13:30:00,70.1,83.6,3.11,0.7231
LKW-06,2026-06-12 14:00:00,70.1,82.5,3.61,0.723
LKW-06,2026-06-12 14:30:00,70.1,77.3,3.39,0.7229
LKW-06,2026-06-12 15:00:00,70.1,81.7,2.96,0.7228
LKW-06,2026-06-12 15:30:00,70.0,87.6,1.98,0.7227
LKW-06,2026-06-12 16:00:00,70.0,78.3,5.38,0.7226
LKW-06,2026-06-12 16:30:00,70.0,91.4,3.59,0.7225
LKW-06,2026-06-12 17:00:00,70.0,74.2,1.15,0.7224
LKW-06,2026-06-12 17:30:00,70.0,85.9,3.54,0.7223
LKW-06,2026-06-12 18:00:00,70.0,81.9,2.92,0.7222
LKW-06,2026-06-12 18:30:00,70.0,71.0,3.98,0.7221
LKW-06,2026-06-12 19:00:00,70.0,84.7,3.93,0.722
LKW-06,2026-06-12 19:30:00,70.0,86.5,2.17,0.7219
LKW-06,2026-06-12 20:00:00,70.0,89.4,3.03,0.7218
LKW-06,2026-06-12 20:30:00,70.0,85.8,2.48,0.7217
LKW-07,2026-06-09 21:00:00,31.4,81.6,3.17,0.2938
LKW-07,2026-06-09 21:30:00,31.4,77.9,1.89,0.2935
LKW-07,2026-06-09 22:00:00,31.4,84.3,2.79,0.2932
LKW-07,2026-06-09 22:30:00,31.4,87.4,3.26,0.2929
LKW-07,2026-06-09 23:00:00,31.3,85.1,1.55,0.2925
LKW-07,2026-06-09 23:30:00,31.3,91.4,3.41,0.2921
LKW-07,2026-06-10 00:00:00,31.3,77.0,3.16,0.2917
LKW-07,2026-06-10 00:30:00,31.2,87.5,1.41,0.2914
LKW-07,2026-06-10 01:00:00,31.2,88.1,3.46,0.2911
LKW-07,2026-06-10 01:30:00,31.2,82.3,3.03,0.2907
LKW-07,2026-06-10 02:00:00,31.1,78.6,1.89,0.2903
LKW-07,2026-06-10 02:30:00,31.1,82.0,2.99,0.29
LKW-07,2026-06-10 03:00:00,31.1,78.7,3.47,0.2896
LKW-07,2026-06-10 03:30:00,31.0,93.8,2.56,0.2893
LKW-07,2026-06-10 04:00:00,31.0,88.2,2.22,0.2889
LKW-07,2026-06-10 04:30:00,31.0,78.1,4.0,0.2885
LKW-07,2026-06-10 05:00:00,30.9,88.5,2.65,0.2882
LKW-07,2026-06-10 05:30:00,30.9,83.3,3.13,0.2878
LKW-07,2026-06-10 06:00:00,30.9,86.6,2.7,0.2875
LKW-07,2026-06-10 06:30:00,30.8,80.9,1.52,0.2871
LKW-07,2026-06-10 07:00:00,30.8,93.7,2.1,0.2867
LKW-07,2026-06-10 07:30:00,30.8,81.0,2.98,0.2864
LKW-07,2026-06-10 08:00:00,30.7,78.7,3.06,0.2861
LKW-07,2026-06-10 08:30:00,30.7,86.1,3.21,0.2857
LKW-07,2026-06-10 09:00:00,30.7,82.5,4.16,0.2854
LKW-07,2026-06-10 09:30:00,30.7,79.2,4.57,0.2851
LKW-07,2026-06-10 10:00:00,30.6,84.9,2.91,0.2847
LKW-07,2026-06-10 10:30:00,30.6,76.4,4.0,0.2843
LKW-07,2026-06-10 11:00:00,30.6,83.6,3.95,0.284
LKW-07,2026-06-10 11:30:00,30.5,95.4,2.67,0.2836
LKW-07,2026-06-10 12:00:00,30.5,86.5,4.64,0.2833
LKW-07,2026-06-10 12:30:00,30.5,92.3,1.41,0.2829
LKW-07,2026-06-10 13:00:00,30.4,80.6,3.84,0.2825
LKW-07,2026-06-10 13:30:00,30.4,78.2,3.79,0.2821
LKW-07,2026-06-10 14:00:00,30.4,75.8,3.61,0.2818
LKW-07,2026-06-10 14:30:00,30.3,83.1,3.7,0.2815
LKW-07,2026-06-10 15:00:00,30.3,92.7,3.37,0.2812
LKW-07,2026-06-10 15:30:00,30.3,83.8,3.01,0.2809
LKW-07,2026-06-10 16:00:00,30.2,87.7,3.81,0.2805
LKW-07,2026-06-10 16:30:00,30.2,72.4,3.53,0.2802
LKW-07,2026-06-10 17:00:00,30.2,81.5,3.67,0.2799
LKW-07,2026-06-10 17:30:00,30.2,85.1,2.54,0.2796
LKW-07,2026-06-10 18:00:00,30.1,81.3,2.09,0.2792
LKW-07,2026-06-10 18:30:00,30.1,76.1,2.81,0.2788
LKW-07,2026-06-10 19:00:00,30.1,84.8,1.99,0.2785
LKW-07,2026-06-10 19:30:00,30.0,93.6,1.42,0.2782
LKW-07,2026-06-10 20:00:00,30.0,83.4,4.51,0.2778
LKW-07,2026-06-10 20:30:00,30.0,77.7,4.83,0.2775
LKW-07,2026-06-10 21:00:00,30.0,80.5,2.93,0.2773
LKW-07,2026-06-10 21:30:00,29.9,86.0,1.8,0.277
LKW-07,2026-06-10 22:00:00,29.9,76.7,3.72,0.2767
LKW-07,2026-06-10 22:30:00,29.9,73.6,3.25,0.2765
LKW-07,2026-06-10 23:00:00,29.9,79.6,4.54,0.2763
LKW-07,2026-06-10 23:30:00,29.8,94.0,3.49,0.276
LKW-07,2026-06-11 00:00:00,29.8,78.8,3.73,0.2757
LKW-07,2026-06-11 00:30:00,29.8,79.3,3.44,0.2754
LKW-07,2026-06-11 01:00:00,29.8,72.1,2.26,0.2752
LKW-07,2026-06-11 01:30:00,29.8,88.2,2.68,0.275
LKW-07,2026-06-11 02:00:00,29.7,85.1,3.97,0.2747
LKW-07,2026-06-11 02:30:00,29.7,85.8,3.19,0.2744
LKW-07,2026-06-11 03:00:00,29.7,86.2,2.34,0.2742
LKW-07,2026-06-11 03:30:00,29.7,89.5,1.94,0.2739
LKW-07,2026-06-11 04:00:00,29.6,85.9,3.5,0.2736
LKW-07,2026-06-11 04:30:00,29.6,91.2,2.32,0.2734
LKW-07,2026-06-11 05:00:00,29.6,82.5,3.16,0.2732
LKW-07,2026-06-11 05:30:00,29.6,80.9,4.3,0.2729
LKW-07,2026-06-11 06:00:00,29.5,90.5,3.62,0.2726
LKW-07,2026-06-11 06:30:00,29.5,85.2,4.21,0.2723
LKW-07,2026-06-11 07:00:00,29.5,83.6,3.56,0.272
LKW-07,2026-06-11 07:30:00,29.5,81.1,2.69,0.2717
LKW-07,2026-06-11 08:00:00,29.4,75.6,2.71,0.2714
LKW-07,2026-06-11 08:30:00,29.4,78.0,1.95,0.2711
LKW-07,2026-06-11 09:00:00,29.4,76.0,3.69,0.2708
LKW-07,2026-06-11 09:30:00,29.3,88.9,2.63,0.2705
LKW-07,2026-06-11 10:00:00,29.3,91.8,3.22,0.2703
LKW-07,2026-06-11 10:30:00,29.3,83.4,4.16,0.2701
LKW-07,2026-06-11 11:00:00,29.3,98.4,2.38,0.2699
LKW-07,2026-06-11 11:30:00,29.3,81.9,3.56,0.2696
LKW-07,2026-06-11 12:00:00,29.2,77.0,3.04,0.2694
LKW-07,2026-06-11 12:30:00,29.2,79.3,3.63,0.2691
LKW-07,2026-06-11 13:00:00,29.2,85.9,1.06,0.2689
LKW-07,2026-06-11 13:30:00,29.2,90.5,3.46,0.2686
LKW-07,2026-06-11 14:00:00,29.2,83.1,3.33,0.2684
LKW-07,2026-06-11 14:30:00,29.1,84.2,5.89,0.2681
LKW-07,2026-06-11 15:00:00,29.1,78.1,2.35,0.2679
LKW-07,2026-06-11 15:30:00,29.1,88.1,1.88,0.2676
LKW-07,2026-06-11 16:00:00,29.1,73.7,3.57,0.2673
LKW-07,2026-06-11 16:30:00,29.0,73.3,2.67,0.2671
LKW-07,2026-06-11 17:00:00,29.0,80.0,2.94,0.2668
LKW-07,2026-06-11 17:30:00,29.0,79.5,3.94,0.2665
LKW-07,2026-06-11 18:00:00,29.0,81.9,2.67,0.2662
LKW-07,2026-06-11 18:30:00,28.9,78.4,1.7,0.2659
LKW-07,2026-06-11 19:00:00,28.9,80.5,2.87,0.2657
LKW-07,2026-06-11 19:30:00,28.9,85.3,3.51,0.2654
LKW-07,2026-06-11 20:00:00,28.9,80.3,2.02,0.2652
LKW-07,2026-06-11 20:30:00,28.8,93.9,3.63,0.2649
LKW-07,2026-06-11 21:00:00,28.8,82.5,2.0,0.2647
LKW-07,2026-06-11 21:30:00,28.8,81.2,2.76,0.2644
LKW-07,2026-06-11 22:00:00,28.8,77.4,3.83,0.2641
LKW-07,2026-06-11 22:30:00,28.7,80.2,0.94,0.2638
LKW-07,2026-06-11 23:00:00,28.7,86.6,2.65,0.2636
LKW-07,2026-06-11 23:30:00,28.7,86.1,3.59,0.2633
LKW-07,2026-06-12 00:00:00,28.7,82.2,1.98,0.263
LKW-07,2026-06-12 00:30:00,28.7,85.6,3.3,0.2628
LKW-07,2026-06-12 01:00:00,28.6,74.2,1.47,0.2626
LKW-07,2026-06-12 01:30:00,28.6,76.3,2.92,0.2623
LKW-07,2026-06-12 02:00:00,28.6,83.9,2.15,0.2621
LKW-07,2026-06-12 02:30:00,28.6,86.3,2.3,0.2618
LKW-07,2026-06-12 03:00:00,28.5,93.6,3.93,0.2616
LKW-07,2026-06-12 03:30:00,28.5,86.2,3.87,0.2614
LKW-07,2026-06-12 04:00:00,28.5,92.6,4.01,0.2611
LKW-07,2026-06-12 04:30:00,28.5,85.9,2.77,0.2608
LKW-07,2026-06-12 05:00:00,28.5,74.2,4.47,0.2606
LKW-07,2026-06-12 05:30:00,28.4,92.2,4.6,0.2604
LKW-07,2026-06-12 06:00:00,28.4,84.7,4.59,0.2601
LKW-07,2026-06-12 06:30:00,28.4,72.7,0.5,0.2598
LKW-07,2026-06-12 07:00:00,28.4,82.2,2.77,0.2596
LKW-07,2026-06-12 07:30:00,28.3,79.4,2.18,0.2593
LKW-07,2026-06-12 08:00:00,28.3,80.3,3.59,0.2591
LKW-07,2026-06-12 08:30:00,28.3,80.0,3.16,0.2588
LKW-07,2026-06-12 09:00:00,28.3,85.3,4.35,0.2586
LKW-07,2026-06-12 09:30:00,28.2,89.2,2.92,0.2583
LKW-07,2026-06-12 10:00:00,28.2,89.2,4.97,0.258
LKW-07,2026-06-12 10:30:00,28.2,83.0,3.33,0.2577
LKW-07,2026-06-12 11:00:00,28.2,82.8,1.69,0.2574
LKW-07,2026-06-12 11:30:00,28.1,75.2,2.91,0.2572
LKW-07,2026-06-12 12:00:00,28.1,76.7,2.79,0.2569
LKW-07,2026-06-12 12:30:00,28.1,81.5,2.04,0.2567
LKW-07,2026-06-12 13:00:00,28.1,82.7,3.58,0.2564
LKW-07,2026-06-12 13:30:00,28.1,79.8,2.31,0.2562
LKW-07,2026-06-12 14:00:00,28.0,91.8,3.8,0.2559
LKW-07,2026-06-12 14:30:00,28.0,84.6,2.68,0.2556
LKW-07,2026-06-12 15:00:00,28.0,83.8,3.38,0.2554
LKW-07,2026-06-12 15:30:00,28.0,80.5,3.38,0.2551
LKW-07,2026-06-12 16:00:00,27.9,86.7,3.33,0.2549
LKW-07,2026-06-12 16:30:00,27.9,86.0,4.57,0.2546
LKW-07,2026-06-12 17:00:00,27.9,81.0,2.71,0.2544
LKW-07,2026-06-12 17:30:00,27.9,77.8,2.65,0.2541
LKW-07,2026-06-12 18:00:00,27.8,86.8,2.24,0.2538
LKW-07,2026-06-12 18:30:00,27.8,75.6,1.8,0.2536
LKW-07,2026-06-12 19:00:00,27.8,87.2,3.54,0.2533
LKW-07,2026-06-12 19:30:00,27.8,82.0,1.88,0.2531
LKW-07,2026-06-12 20:00:00,27.8,84.6,3.71,0.2529
LKW-07,2026-06-12 20:30:00,27.7,84.7,4.13,0.2526
LKW-08,2026-06-09 21:00:00,44.1,77.4,2.32,0.4339
LKW-08,2026-06-09 21:30:00,44.0,79.8,4.72,0.4337
LKW-08,2026-06-09 22:00:00,44.0,78.4,3.43,0.4335
LKW-08,2026-06-09 22:30:00,44.0,79.0,2.96,0.4333
LKW-08,2026-06-09 23:00:00,44.0,71.3,2.9,0.4331
LKW-08,2026-06-09 23:30:00,44.0,77.8,3.94,0.4329
LKW-08,2026-06-10 00:00:00,43.9,80.8,4.38,0.4327
LKW-08,2026-06-10 00:30:00,43.9,78.9,4.16,0.4325
LKW-08,2026-06-10 01:00:00,43.9,72.8,4.0,0.4324
LKW-08,2026-06-10 01:30:00,43.9,89.6,2.48,0.4322
LKW-08,2026-06-10 02:00:00,43.9,78.5,0.5,0.432
LKW-08,2026-06-10 02:30:00,43.9,84.4,3.47,0.4318
LKW-08,2026-06-10 03:00:00,43.8,83.6,3.54,0.4316
LKW-08,2026-06-10 03:30:00,43.8,75.0,2.79,0.4314
LKW-08,2026-06-10 04:00:00,43.8,85.9,3.81,0.4312
LKW-08,2026-06-10 04:30:00,43.8,76.6,3.99,0.431
LKW-08,2026-06-10 05:00:00,43.8,78.3,4.4,0.4308
LKW-08,2026-06-10 05:30:00,43.8,72.4,3.94,0.4306
LKW-08,2026-06-10 06:00:00,43.7,78.7,3.27,0.4305
LKW-08,2026-06-10 06:30:00,43.7,76.0,4.47,0.4303
LKW-08,2026-06-10 07:00:00,43.7,78.8,2.5,0.4301
LKW-08,2026-06-10 07:30:00,43.7,87.7,3.5,0.4299
LKW-08,2026-06-10 08:00:00,43.7,74.1,3.54,0.4297
LKW-08,2026-06-10 08:30:00,43.7,92.5,2.86,0.4295
LKW-08,2026-06-10 09:00:00,43.6,77.6,2.91,0.4293
LKW-08,2026-06-10 09:30:00,43.6,82.0,5.58,0.4291
LKW-08,2026-06-10 10:00:00,43.6,72.5,4.88,0.4289
LKW-08,2026-06-10 10:30:00,43.6,82.8,3.12,0.4287
LKW-08,2026-06-10 11:00:00,43.6,72.4,1.82,0.4285
LKW-08,2026-06-10 11:30:00,43.6,82.0,3.07,0.4284
LKW-08,2026-06-10 12:00:00,43.5,78.2,2.99,0.4281
LKW-08,2026-06-10 12:30:00,43.5,79.2,2.91,0.4279
LKW-08,2026-06-10 13:00:00,43.5,80.7,2.33,0.4277
LKW-08,2026-06-10 13:30:00,43.5,79.9,3.01,0.4275
LKW-08,2026-06-10 14:00:00,43.5,84.6,3.59,0.4273
LKW-08,2026-06-10 14:30:00,43.4,73.7,3.01,0.4271
LKW-08,2026-06-10 15:00:00,43.4,83.2,2.88,0.4269
LKW-08,2026-06-10 15:30:00,43.4,87.5,2.2,0.4267
LKW-08,2026-06-10 16:00:00,43.4,73.1,4.44,0.4265
LKW-08,2026-06-10 16:30:00,43.4,78.2,1.07,0.4263
LKW-08,2026-06-10 17:00:00,43.3,75.5,2.18,0.4261
LKW-08,2026-06-10 17:30:00,43.3,90.0,5.13,0.4259
LKW-08,2026-06-10 18:00:00,43.3,71.8,3.4,0.4258
LKW-08,2026-06-10 18:30:00,43.3,80.7,2.54,0.4255
LKW-08,2026-06-10 19:00:00,43.3,81.3,4.13,0.4253
LKW-08,2026-06-10 19:30:00,43.3,78.9,2.99,0.4251
LKW-08,2026-06-10 20:00:00,43.2,76.5,2.53,0.4249
LKW-08,2026-06-10 20:30:00,43.2,79.4,2.29,0.4247
LKW-08,2026-06-10 21:00:00,43.2,86.4,1.56,0.4245
LKW-08,2026-06-10 21:30:00,43.2,77.5,1.71,0.4243
LKW-08,2026-06-10 22:00:00,43.2,81.9,3.03,0.424
LKW-08,2026-06-10 22:30:00,43.1,84.2,1.77,0.4237
LKW-08,2026-06-10 23:00:00,43.1,70.9,3.72,0.4235
LKW-08,2026-06-10 23:30:00,43.1,81.5,3.49,0.4232
LKW-08,2026-06-11 00:00:00,43.1,81.6,3.08,0.423
LKW-08,2026-06-11 00:30:00,43.0,79.0,2.56,0.4227
LKW-08,2026-06-11 01:00:00,43.0,89.2,2.13,0.4225
LKW-08,2026-06-11 01:30:00,43.0,84.3,1.25,0.4222
LKW-08,2026-06-11 02:00:00,43.0,84.7,3.93,0.422
LKW-08,2026-06-11 02:30:00,43.0,81.7,2.5,0.4217
LKW-08,2026-06-11 03:00:00,42.9,77.8,4.03,0.4214
LKW-08,2026-06-11 03:30:00,42.9,72.0,5.02,0.4212
LKW-08,2026-06-11 04:00:00,42.9,76.8,3.93,0.4209
LKW-08,2026-06-11 04:30:00,42.9,87.4,4.18,0.4206
LKW-08,2026-06-11 05:00:00,42.8,80.0,3.03,0.4204
LKW-08,2026-06-11 05:30:00,42.8,88.1,3.17,0.4201
LKW-08,2026-06-11 06:00:00,42.8,80.2,4.03,0.4198
LKW-08,2026-06-11 06:30:00,42.8,87.5,1.67,0.4196
LKW-08,2026-06-11 07:00:00,42.7,88.1,2.52,0.4193
LKW-08,2026-06-11 07:30:00,42.7,96.3,4.65,0.419
LKW-08,2026-06-11 08:00:00,42.7,76.4,2.73,0.4188
LKW-08,2026-06-11 08:30:00,42.7,85.9,2.34,0.4185
LKW-08,2026-06-11 09:00:00,42.6,81.8,1.36,0.4182
LKW-08,2026-06-11 09:30:00,42.6,82.4,1.44,0.418
LKW-08,2026-06-11 10:00:00,42.6,78.2,3.2,0.4176
LKW-08,2026-06-11 10:30:00,42.6,80.6,4.56,0.4174
LKW-08,2026-06-11 11:00:00,42.5,83.2,3.74,0.4171
LKW-08,2026-06-11 11:30:00,42.5,72.3,3.97,0.4168
LKW-08,2026-06-11 12:00:00,42.5,79.8,2.7,0.4166
LKW-08,2026-06-11 12:30:00,42.5,84.9,4.07,0.4163
LKW-08,2026-06-11 13:00:00,42.4,70.9,2.57,0.416
LKW-08,2026-06-11 13:30:00,42.4,84.4,2.11,0.4157
LKW-08,2026-06-11 14:00:00,42.4,72.9,4.4,0.4155
LKW-08,2026-06-11 14:30:00,42.4,87.5,5.47,0.4152
LKW-08,2026-06-11 15:00:00,42.3,90.5,4.07,0.4149
LKW-08,2026-06-11 15:30:00,42.3,80.2,3.74,0.4147
LKW-08,2026-06-11 16:00:00,42.3,87.4,3.8,0.4144
LKW-08,2026-06-11 16:30:00,42.3,87.3,2.33,0.4141
LKW-08,2026-06-11 17:00:00,42.2,76.1,4.18,0.4138
LKW-08,2026-06-11 17:30:00,42.2,71.5,3.42,0.4136
LKW-08,2026-06-11 18:00:00,42.2,82.4,5.24,0.4133
LKW-08,2026-06-11 18:30:00,42.2,90.7,2.3,0.4131
LKW-08,2026-06-11 19:00:00,42.2,88.8,3.5,0.4129
LKW-08,2026-06-11 19:30:00,42.1,81.9,3.38,0.4126
LKW-08,2026-06-11 20:00:00,42.1,88.5,2.0,0.4123
LKW-08,2026-06-11 20:30:00,42.1,83.1,2.57,0.4121
LKW-08,2026-06-11 21:00:00,42.1,79.7,3.54,0.4119
LKW-08,2026-06-11 21:30:00,42.1,84.6,1.9,0.4117
LKW-08,2026-06-11 22:00:00,42.0,89.6,1.65,0.4115
LKW-08,2026-06-11 22:30:00,42.0,77.9,3.83,0.4113
LKW-08,2026-06-11 23:00:00,42.0,72.0,3.61,0.4111
LKW-08,2026-06-11 23:30:00,42.0,69.1,4.2,0.4109
LKW-08,2026-06-12 00:00:00,42.0,84.5,1.37,0.4107
LKW-08,2026-06-12 00:30:00,42.0,85.2,4.61,0.4106
LKW-08,2026-06-12 01:00:00,41.9,89.5,4.32,0.4104
LKW-08,2026-06-12 01:30:00,41.9,84.2,1.55,0.4102
LKW-08,2026-06-12 02:00:00,41.9,85.3,4.58,0.41
LKW-08,2026-06-12 02:30:00,41.9,79.0,3.13,0.4098
LKW-08,2026-06-12 03:00:00,41.9,82.7,2.19,0.4096
LKW-08,2026-06-12 03:30:00,41.8,88.4,4.81,0.4094
LKW-08,2026-06-12 04:00:00,41.8,82.1,3.78,0.4092
LKW-08,2026-06-12 04:30:00,41.8,97.9,3.44,0.409
LKW-08,2026-06-12 05:00:00,41.8,76.1,4.04,0.4088
LKW-08,2026-06-12 05:30:00,41.8,78.4,4.7,0.4086
LKW-08,2026-06-12 06:00:00,41.8,77.6,2.56,0.4084
LKW-08,2026-06-12 06:30:00,41.7,78.1,3.77,0.4082
LKW-08,2026-06-12 07:00:00,41.7,84.6,3.21,0.4081
LKW-08,2026-06-12 07:30:00,41.7,84.5,1.73,0.4079
LKW-08,2026-06-12 08:00:00,41.7,85.0,3.48,0.4077
LKW-08,2026-06-12 08:30:00,41.7,77.6,3.53,0.4074
LKW-08,2026-06-12 09:00:00,41.6,84.7,3.65,0.4072
LKW-08,2026-06-12 09:30:00,41.6,95.8,1.94,0.407
LKW-08,2026-06-12 10:00:00,41.6,79.3,2.53,0.4068
LKW-08,2026-06-12 10:30:00,41.6,75.7,3.4,0.4067
LKW-08,2026-06-12 11:00:00,41.6,71.7,3.49,0.4065
LKW-08,2026-06-12 11:30:00,41.6,80.9,2.5,0.4063
LKW-08,2026-06-12 12:00:00,41.5,82.0,3.11,0.4061
LKW-08,2026-06-12 12:30:00,41.5,79.5,3.44,0.4059
LKW-08,2026-06-12 13:00:00,41.5,88.9,1.51,0.4057
LKW-08,2026-06-12 13:30:00,41.5,84.5,2.01,0.4055
LKW-08,2026-06-12 14:00:00,41.5,71.3,3.73,0.4053
LKW-08,2026-06-12 14:30:00,41.5,80.5,2.4,0.4051
LKW-08,2026-06-12 15:00:00,41.4,77.2,4.43,0.4049
LKW-08,2026-06-12 15:30:00,41.4,72.6,3.22,0.4047
LKW-08,2026-06-12 16:00:00,41.4,80.0,2.36,0.4045
LKW-08,2026-06-12 16:30:00,41.4,85.5,4.83,0.4043
LKW-08,2026-06-12 17:00:00,41.4,85.8,1.61,0.404
LKW-08,2026-06-12 17:30:00,41.3,84.1,1.36,0.4038
LKW-08,2026-06-12 18:00:00,41.3,73.5,5.34,0.4036
LKW-08,2026-06-12 18:30:00,41.3,77.7,3.85,0.4035
LKW-08,2026-06-12 19:00:00,41.3,84.4,2.28,0.4033
LKW-08,2026-06-12 19:30:00,41.3,72.8,2.74,0.4031
LKW-08,2026-06-12 20:00:00,41.3,71.0,3.44,0.4029
LKW-08,2026-06-12 20:30:00,41.2,78.7,1.91,0.4027
LKW-09,2026-06-09 21:00:00,68.2,72.2,3.62,0.7022
LKW-09,2026-06-09 21:30:00,68.2,80.0,3.65,0.7021
LKW-09,2026-06-09 22:00:00,68.2,72.5,4.48,0.702
LKW-09,2026-06-09 22:30:00,68.2,74.9,1.32,0.7019
LKW-09,2026-06-09 23:00:00,68.2,79.0,4.77,0.7017
LKW-09,2026-06-09 23:30:00,68.1,78.0,1.55,0.7016
LKW-09,2026-06-10 00:00:00,68.1,76.5,4.15,0.7016
LKW-09,2026-06-10 00:30:00,68.1,87.3,2.88,0.7015
LKW-09,2026-06-10 01:00:00,68.1,77.8,4.48,0.7014
LKW-09,2026-06-10 01:30:00,68.1,76.3,3.2,0.7013
LKW-09,2026-06-10 02:00:00,68.1,77.3,4.02,0.7011
LKW-09,2026-06-10 02:30:00,68.1,87.8,1.75,0.701
LKW-09,2026-06-10 03:00:00,68.1,74.4,3.95,0.7009
LKW-09,2026-06-10 03:30:00,68.1,76.5,4.41,0.7008
LKW-09,2026-06-10 04:00:00,68.1,83.4,2.74,0.7007
LKW-09,2026-06-10 04:30:00,68.1,72.7,3.37,0.7006
LKW-09,2026-06-10 05:00:00,68.0,86.3,1.55,0.7005
LKW-09,2026-06-10 05:30:00,68.0,85.1,3.28,0.7004
LKW-09,2026-06-10 06:00:00,68.0,85.0,2.86,0.7002
LKW-09,2026-06-10 06:30:00,68.0,83.6,4.18,0.7001
LKW-09,2026-06-10 07:00:00,68.0,86.7,1.71,0.7
LKW-09,2026-06-10 07:30:00,68.0,85.6,4.93,0.6999
LKW-09,2026-06-10 08:00:00,68.0,63.6,2.22,0.6998
LKW-09,2026-06-10 08:30:00,68.0,90.5,2.32,0.6997
LKW-09,2026-06-10 09:00:00,68.0,84.5,4.15,0.6996
LKW-09,2026-06-10 09:30:00,68.0,92.6,3.44,0.6995
LKW-09,2026-06-10 10:00:00,67.9,69.7,3.92,0.6994
LKW-09,2026-06-10 10:30:00,67.9,97.5,5.51,0.6993
LKW-09,2026-06-10 11:00:00,67.9,87.3,2.64,0.6992
LKW-09,2026-06-10 11:30:00,67.9,68.7,3.15,0.6991
LKW-09,2026-06-10 12:00:00,67.9,70.2,2.85,0.699
LKW-09,2026-06-10 12:30:00,67.9,80.6,2.76,0.6988
LKW-09,2026-06-10 13:00:00,67.9,76.5,4.43,0.6987
LKW-09,2026-06-10 13:30:00,67.9,84.0,2.46,0.6986
LKW-09,2026-06-10 14:00:00,67.9,83.4,4.31,0.6985
LKW-09,2026-06-10 14:30:00,67.9,80.3,4.29,0.6984
LKW-09,2026-06-10 15:00:00,67.8,80.0,2.89,0.6983
LKW-09,2026-06-10 15:30:00,67.8,79.4,3.29,0.6982
LKW-09,2026-06-10 16:00:00,67.8,77.6,2.53,0.6981
LKW-09,2026-06-10 16:30:00,67.8,83.9,4.37,0.698
LKW-09,2026-06-10 17:00:00,67.8,71.6,2.11,0.6979
LKW-09,2026-06-10 17:30:00,67.8,82.6,2.53,0.6977
LKW-09,2026-06-10 18:00:00,67.8,74.1,3.99,0.6976
LKW-09,2026-06-10 18:30:00,67.8,89.4,4.5,0.6975
LKW-09,2026-06-10 19:00:00,67.8,72.4,2.79,0.6974
LKW-09,2026-06-10 19:30:00,67.8,67.7,3.97,0.6973
LKW-09,2026-06-10 20:00:00,67.7,84.8,1.63,0.6971
LKW-09,2026-06-10 20:30:00,67.7,76.9,3.04,0.697
LKW-09,2026-06-10 21:00:00,67.7,80.4,3.21,0.6968
LKW-09,2026-06-10 21:30:00,67.7,87.0,2.03,0.6967
LKW-09,2026-06-10 22:00:00,67.7,83.8,2.44,0.6965
LKW-09,2026-06-10 22:30:00,67.7,80.3,4.96,0.6964
LKW-09,2026-06-10 23:00:00,67.7,92.4,3.49,0.6962
LKW-09,2026-06-10 23:30:00,67.6,80.6,3.53,0.6961
LKW-09,2026-06-11 00:00:00,67.6,78.3,2.34,0.696
LKW-09,2026-06-11 00:30:00,67.6,88.0,2.64,0.6958
LKW-09,2026-06-11 01:00:00,67.6,79.8,3.21,0.6956
LKW-09,2026-06-11 01:30:00,67.6,72.1,4.06,0.6955
LKW-09,2026-06-11 02:00:00,67.6,79.9,2.64,0.6953
LKW-09,2026-06-11 02:30:00,67.6,79.3,3.59,0.6952
LKW-09,2026-06-11 03:00:00,67.6,83.3,3.61,0.6951
LKW-09,2026-06-11 03:30:00,67.5,85.7,2.7,0.6949
LKW-09,2026-06-11 04:00:00,67.5,71.8,4.46,0.6948
LKW-09,2026-06-11 04:30:00,67.5,86.6,0.89,0.6946
LKW-09,2026-06-11 05:00:00,67.5,64.6,4.12,0.6945
LKW-09,2026-06-11 05:30:00,67.5,82.8,4.28,0.6944
LKW-09,2026-06-11 06:00:00,67.5,78.2,3.06,0.6942
LKW-09,2026-06-11 06:30:00,67.5,82.5,3.18,0.6941
LKW-09,2026-06-11 07:00:00,67.5,79.4,2.77,0.6939
LKW-09,2026-06-11 07:30:00,67.4,87.9,3.42,0.6938
LKW-09,2026-06-11 08:00:00,67.4,82.3,1.87,0.6936
LKW-09,2026-06-11 08:30:00,67.4,81.7,2.83,0.6934
LKW-09,2026-06-11 09:00:00,67.4,79.9,4.59,0.6933
LKW-09,2026-06-11 09:30:00,67.4,78.2,3.98,0.6931
LKW-09,2026-06-11 10:00:00,67.4,70.3,1.93,0.693
LKW-09,2026-06-11 10:30:00,67.4,80.0,3.11,0.6928
LKW-09,2026-06-11 11:00:00,67.3,73.9,1.78,0.6927
LKW-09,2026-06-11 11:30:00,67.3,77.8,5.03,0.6926
LKW-09,2026-06-11 12:00:00,67.3,87.1,2.13,0.6924
LKW-09,2026-06-11 12:30:00,67.3,74.6,4.81,0.6923
LKW-09,2026-06-11 13:00:00,67.3,73.4,3.02,0.6922
LKW-09,2026-06-11 13:30:00,67.3,83.6,1.71,0.692
LKW-09,2026-06-11 14:00:00,67.3,80.5,3.39,0.6918
LKW-09,2026-06-11 14:30:00,67.3,81.5,4.38,0.6917
LKW-09,2026-06-11 15:00:00,67.2,85.5,0.9,0.6915
LKW-09,2026-06-11 15:30:00,67.2,84.6,4.23,0.6914
LKW-09,2026-06-11 16:00:00,67.2,81.5,2.41,0.6912
LKW-09,2026-06-11 16:30:00,67.2,83.7,3.42,0.6911
LKW-09,2026-06-11 17:00:00,67.2,92.9,2.21,0.6909
LKW-09,2026-06-11 17:30:00,67.2,80.1,3.39,0.6908
LKW-09,2026-06-11 18:00:00,67.2,88.9,4.29,0.6906
LKW-09,2026-06-11 18:30:00,67.1,89.9,3.27,0.6904
LKW-09,2026-06-11 19:00:00,67.1,82.9,5.63,0.6903
LKW-09,2026-06-11 19:30:00,67.1,79.5,1.49,0.6901
LKW-09,2026-06-11 20:00:00,67.1,77.2,3.18,0.69
LKW-09,2026-06-11 20:30:00,67.1,77.0,1.98,0.6898
LKW-09,2026-06-11 21:00:00,67.1,92.0,2.18,0.6897
LKW-09,2026-06-11 21:30:00,67.1,74.7,1.31,0.6895
LKW-09,2026-06-11 22:00:00,67.0,84.7,1.86,0.6894
LKW-09,2026-06-11 22:30:00,67.0,79.0,4.25,0.6893
LKW-09,2026-06-11 23:00:00,67.0,72.3,1.03,0.6891
LKW-09,2026-06-11 23:30:00,67.0,81.0,4.36,0.689
LKW-09,2026-06-12 00:00:00,67.0,73.9,3.21,0.6888
LKW-09,2026-06-12 00:30:00,67.0,85.0,3.26,0.6887
LKW-09,2026-06-12 01:00:00,67.0,82.2,2.75,0.6885
LKW-09,2026-06-12 01:30:00,67.0,81.8,1.48,0.6884
LKW-09,2026-06-12 02:00:00,66.9,80.6,5.35,0.6882
LKW-09,2026-06-12 02:30:00,66.9,72.8,1.61,0.6881
LKW-09,2026-06-12 03:00:00,66.9,78.9,3.1,0.6879
LKW-09,2026-06-12 03:30:00,66.9,74.4,4.55,0.6878
LKW-09,2026-06-12 04:00:00,66.9,68.9,3.82,0.6877
LKW-09,2026-06-12 04:30:00,66.9,89.2,4.56,0.6875
LKW-09,2026-06-12 05:00:00,66.9,82.1,4.71,0.6874
LKW-09,2026-06-12 05:30:00,66.8,92.4,4.21,0.6872
LKW-09,2026-06-12 06:00:00,66.8,83.3,3.93,0.6871
LKW-09,2026-06-12 06:30:00,66.8,83.6,2.99,0.6869
LKW-09,2026-06-12 07:00:00,66.8,79.1,3.41,0.6868
LKW-09,2026-06-12 07:30:00,66.8,66.7,2.61,0.6866
LKW-09,2026-06-12 08:00:00,66.8,80.3,2.53,0.6865
LKW-09,2026-06-12 08:30:00,66.8,88.0,0.88,0.6863
LKW-09,2026-06-12 09:00:00,66.7,81.2,4.24,0.6861
LKW-09,2026-06-12 09:30:00,66.7,80.6,1.47,0.686
LKW-09,2026-06-12 10:00:00,66.7,77.6,1.58,0.6858
LKW-09,2026-06-12 10:30:00,66.7,80.0,5.07,0.6857
LKW-09,2026-06-12 11:00:00,66.7,80.5,3.77,0.6856
LKW-09,2026-06-12 11:30:00,66.7,79.9,3.41,0.6854
LKW-09,2026-06-12 12:00:00,66.7,83.7,1.71,0.6853
LKW-09,2026-06-12 12:30:00,66.7,76.8,2.77,0.6851
LKW-09,2026-06-12 13:00:00,66.6,83.1,4.53,0.685
LKW-09,2026-06-12 13:30:00,66.6,93.4,2.94,0.6848
LKW-09,2026-06-12 14:00:00,66.6,79.8,3.39,0.6847
LKW-09,2026-06-12 14:30:00,66.6,76.8,2.86,0.6845
LKW-09,2026-06-12 15:00:00,66.6,84.1,2.89,0.6843
LKW-09,2026-06-12 15:30:00,66.6,85.7,4.06,0.6842
LKW-09,2026-06-12 16:00:00,66.6,88.3,3.94,0.684
LKW-09,2026-06-12 16:30:00,66.6,76.3,2.58,0.6839
LKW-09,2026-06-12 17:00:00,66.5,87.1,0.82,0.6837
LKW-09,2026-06-12 17:30:00,66.5,76.7,2.61,0.6836
LKW-09,2026-06-12 18:00:00,66.5,87.4,3.35,0.6834
LKW-09,2026-06-12 18:30:00,66.5,89.3,4.31,0.6833
LKW-09,2026-06-12 19:00:00,66.5,81.6,2.6,0.6831
LKW-09,2026-06-12 19:30:00,66.5,70.1,2.43,0.683
LKW-09,2026-06-12 20:00:00,66.5,85.3,3.98,0.6828
LKW-09,2026-06-12 20:30:00,66.4,74.2,4.18,0.6826
LKW-10,2026-06-09 21:00:00,34.5,80.2,3.45,0.3277
LKW-10,2026-06-09 21:30:00,34.5,82.3,0.8,0.3275
LKW-10,2026-06-09 22:00:00,34.4,80.0,3.34,0.3272
LKW-10,2026-06-09 22:30:00,34.4,90.0,1.28,0.327
LKW-10,2026-06-09 23:00:00,34.4,80.9,3.7,0.3268
LKW-10,2026-06-09 23:30:00,34.4,88.0,0.89,0.3265
LKW-10,2026-06-10 00:00:00,34.4,71.9,2.04,0.3263
LKW-10,2026-06-10 00:30:00,34.3,91.6,3.14,0.326
LKW-10,2026-06-10 01:00:00,34.3,90.9,3.08,0.3258
LKW-10,2026-06-10 01:30:00,34.3,84.9,3.81,0.3256
LKW-10,2026-06-10 02:00:00,34.3,75.3,3.74,0.3253
LKW-10,2026-06-10 02:30:00,34.3,78.3,5.55,0.3251
LKW-10,2026-06-10 03:00:00,34.2,85.2,2.63,0.3249
LKW-10,2026-06-10 03:30:00,34.2,86.8,2.33,0.3246
LKW-10,2026-06-10 04:00:00,34.2,91.2,4.8,0.3244
LKW-10,2026-06-10 04:30:00,34.2,84.6,3.75,0.3242
LKW-10,2026-06-10 05:00:00,34.2,87.0,2.43,0.324
LKW-10,2026-06-10 05:30:00,34.1,82.7,2.89,0.3237
LKW-10,2026-06-10 06:00:00,34.1,73.4,2.74,0.3235
LKW-10,2026-06-10 06:30:00,34.1,80.3,3.34,0.3232
LKW-10,2026-06-10 07:00:00,34.1,82.9,4.01,0.323
LKW-10,2026-06-10 07:30:00,34.0,84.6,3.94,0.3227
LKW-10,2026-06-10 08:00:00,34.0,78.5,2.75,0.3225
LKW-10,2026-06-10 08:30:00,34.0,86.3,2.57,0.3223
LKW-10,2026-06-10 09:00:00,34.0,79.0,4.12,0.3221
LKW-10,2026-06-10 09:30:00,34.0,85.9,3.25,0.3218
LKW-10,2026-06-10 10:00:00,33.9,82.3,3.81,0.3216
LKW-10,2026-06-10 10:30:00,33.9,87.1,2.09,0.3214
LKW-10,2026-06-10 11:00:00,33.9,83.2,3.22,0.3211
LKW-10,2026-06-10 11:30:00,33.9,83.0,1.5,0.3209
LKW-10,2026-06-10 12:00:00,33.9,80.1,4.33,0.3207
LKW-10,2026-06-10 12:30:00,33.8,78.9,3.52,0.3204
LKW-10,2026-06-10 13:00:00,33.8,88.4,2.41,0.3203
LKW-10,2026-06-10 13:30:00,33.8,77.2,2.36,0.32
LKW-10,2026-06-10 14:00:00,33.8,80.0,1.98,0.3197
LKW-10,2026-06-10 14:30:00,33.8,81.2,2.29,0.3195
LKW-10,2026-06-10 15:00:00,33.7,80.9,4.77,0.3193
LKW-10,2026-06-10 15:30:00,33.7,71.8,1.52,0.319
LKW-10,2026-06-10 16:00:00,33.7,88.6,3.23,0.3187
LKW-10,2026-06-10 16:30:00,33.7,89.5,3.12,0.3185
LKW-10,2026-06-10 17:00:00,33.6,83.8,2.35,0.3183
LKW-10,2026-06-10 17:30:00,33.6,75.2,3.06,0.3181
LKW-10,2026-06-10 18:00:00,33.6,84.5,2.89,0.3179
LKW-10,2026-06-10 18:30:00,33.6,77.0,2.92,0.3177
LKW-10,2026-06-10 19:00:00,33.6,80.3,4.07,0.3174
LKW-10,2026-06-10 19:30:00,33.5,74.3,4.53,0.3172
LKW-10,2026-06-10 20:00:00,33.5,85.6,3.38,0.3169
LKW-10,2026-06-10 20:30:00,33.5,77.5,3.38,0.3167
LKW-10,2026-06-10 21:00:00,33.5,83.8,2.92,0.3164
LKW-10,2026-06-10 21:30:00,33.5,78.0,4.14,0.3162
LKW-10,2026-06-10 22:00:00,33.4,86.3,5.72,0.3159
LKW-10,2026-06-10 22:30:00,33.4,77.4,3.26,0.3156
LKW-10,2026-06-10 23:00:00,33.4,86.1,3.61,0.3154
LKW-10,2026-06-10 23:30:00,33.4,77.1,2.39,0.3152
LKW-10,2026-06-11 00:00:00,33.3,68.4,3.69,0.3149
LKW-10,2026-06-11 00:30:00,33.3,77.8,3.82,0.3147
LKW-10,2026-06-11 01:00:00,33.3,91.4,2.51,0.3145
LKW-10,2026-06-11 01:30:00,33.3,86.3,5.07,0.3142
LKW-10,2026-06-11 02:00:00,33.3,77.4,1.82,0.314
LKW-10,2026-06-11 02:30:00,33.2,80.1,2.75,0.3137
LKW-10,2026-06-11 03:00:00,33.2,77.0,3.17,0.3135
LKW-10,2026-06-11 03:30:00,33.2,86.9,3.66,0.3132
LKW-10,2026-06-11 04:00:00,33.2,83.1,5.31,0.313
LKW-10,2026-06-11 04:30:00,33.2,92.0,3.7,0.3128
LKW-10,2026-06-11 05:00:00,33.1,81.1,3.64,0.3126
LKW-10,2026-06-11 05:30:00,33.1,70.1,1.75,0.3122
LKW-10,2026-06-11 06:00:00,33.1,83.1,2.77,0.312
LKW-10,2026-06-11 06:30:00,33.1,81.2,2.79,0.3117
LKW-10,2026-06-11 07:00:00,33.0,76.9,1.71,0.3114
LKW-10,2026-06-11 07:30:00,33.0,86.6,5.93,0.3112
LKW-10,2026-06-11 08:00:00,33.0,91.3,2.25,0.3109
LKW-10,2026-06-11 08:30:00,33.0,85.5,2.45,0.3107
LKW-10,2026-06-11 09:00:00,32.9,71.0,5.27,0.3104
LKW-10,2026-06-11 09:30:00,32.9,87.3,2.8,0.3101
LKW-10,2026-06-11 10:00:00,32.9,81.1,5.3,0.3099
LKW-10,2026-06-11 10:30:00,32.9,79.7,3.03,0.3097
LKW-10,2026-06-11 11:00:00,32.8,90.2,3.64,0.3094
LKW-10,2026-06-11 11:30:00,32.8,83.6,2.82,0.3091
LKW-10,2026-06-11 12:00:00,32.8,79.4,3.74,0.3089
LKW-10,2026-06-11 12:30:00,32.8,78.7,4.77,0.3086
LKW-10,2026-06-11 13:00:00,32.8,78.0,4.1,0.3084
LKW-10,2026-06-11 13:30:00,32.7,77.0,3.11,0.3081
LKW-10,2026-06-11 14:00:00,32.7,69.5,3.35,0.3079
LKW-10,2026-06-11 14:30:00,32.7,73.5,2.64,0.3076
LKW-10,2026-06-11 15:00:00,32.7,85.3,2.56,0.3073
LKW-10,2026-06-11 15:30:00,32.6,88.7,1.94,0.3071
LKW-10,2026-06-11 16:00:00,32.6,82.6,3.56,0.3068
LKW-10,2026-06-11 16:30:00,32.6,74.4,2.73,0.3066
LKW-10,2026-06-11 17:00:00,32.6,79.8,3.57,0.3063
LKW-10,2026-06-11 17:30:00,32.5,74.9,4.31,0.3061
LKW-10,2026-06-11 18:00:00,32.5,72.8,2.95,0.3059
LKW-10,2026-06-11 18:30:00,32.5,81.3,3.66,0.3056
LKW-10,2026-06-11 19:00:00,32.5,78.0,3.05,0.3054
LKW-10,2026-06-11 19:30:00,32.5,81.4,3.1,0.3052
LKW-10,2026-06-11 20:00:00,32.4,83.6,2.85,0.305
LKW-10,2026-06-11 20:30:00,32.4,78.6,3.18,0.3047
LKW-10,2026-06-11 21:00:00,32.4,91.6,2.14,0.3045
LKW-10,2026-06-11 21:30:00,32.4,71.2,3.85,0.3042
LKW-10,2026-06-11 22:00:00,32.4,77.5,2.44,0.304
LKW-10,2026-06-11 22:30:00,32.3,83.2,2.19,0.3038
LKW-10,2026-06-11 23:00:00,32.3,83.7,2.52,0.3035
LKW-10,2026-06-11 23:30:00,32.3,91.2,3.47,0.3032
LKW-10,2026-06-12 00:00:00,32.3,86.3,4.52,0.303
LKW-10,2026-06-12 00:30:00,32.2,90.7,5.33,0.3027
LKW-10,2026-06-12 01:00:00,32.2,86.9,3.89,0.3025
LKW-10,2026-06-12 01:30:00,32.2,76.5,3.6,0.3022
LKW-10,2026-06-12 02:00:00,32.2,82.4,1.19,0.302
LKW-10,2026-06-12 02:30:00,32.2,84.9,4.14,0.3017
LKW-10,2026-06-12 03:00:00,32.1,88.4,3.27,0.3015
LKW-10,2026-06-12 03:30:00,32.1,82.8,4.13,0.3012
LKW-10,2026-06-12 04:00:00,32.1,78.5,3.69,0.3009
LKW-10,2026-06-12 04:30:00,32.1,78.2,1.79,0.3007
LKW-10,2026-06-12 05:00:00,32.0,75.3,2.87,0.3004
LKW-10,2026-06-12 05:30:00,32.0,83.8,3.1,0.3002
LKW-10,2026-06-12 06:00:00,32.0,78.8,0.89,0.2999
LKW-10,2026-06-12 06:30:00,32.0,81.6,3.77,0.2996
LKW-10,2026-06-12 07:00:00,31.9,79.3,1.6,0.2994
LKW-10,2026-06-12 07:30:00,31.9,84.0,2.29,0.2991
LKW-10,2026-06-12 08:00:00,31.9,88.5,3.64,0.2989
LKW-10,2026-06-12 08:30:00,31.9,76.5,1.75,0.2987
LKW-10,2026-06-12 09:00:00,31.9,75.4,1.57,0.2984
LKW-10,2026-06-12 09:30:00,31.8,92.0,3.33,0.2982
LKW-10,2026-06-12 10:00:00,31.8,93.8,2.15,0.2979
LKW-10,2026-06-12 10:30:00,31.8,86.3,3.15,0.2977
LKW-10,2026-06-12 11:00:00,31.8,84.2,3.65,0.2974
LKW-10,2026-06-12 11:30:00,31.7,66.0,2.48,0.2972
LKW-10,2026-06-12 12:00:00,31.7,80.3,3.02,0.297
LKW-10,2026-06-12 12:30:00,31.7,77.9,3.14,0.2967
LKW-10,2026-06-12 13:00:00,31.7,89.1,3.61,0.2965
LKW-10,2026-06-12 13:30:00,31.7,82.0,2.44,0.2963
LKW-10,2026-06-12 14:00:00,31.6,74.9,3.25,0.2961
LKW-10,2026-06-12 14:30:00,31.6,79.0,2.53,0.2958
LKW-10,2026-06-12 15:00:00,31.6,79.5,3.48,0.2956
LKW-10,2026-06-12 15:30:00,31.6,74.5,2.23,0.2953
LKW-10,2026-06-12 16:00:00,31.6,73.0,2.7,0.2951
LKW-10,2026-06-12 16:30:00,31.5,80.8,2.46,0.2948
LKW-10,2026-06-12 17:00:00,31.5,83.3,3.32,0.2945
LKW-10,2026-06-12 17:30:00,31.5,80.5,1.47,0.2943
LKW-10,2026-06-12 18:00:00,31.5,75.4,2.41,0.2941
LKW-10,2026-06-12 18:30:00,31.4,82.3,1.41,0.2938
LKW-10,2026-06-12 19:00:00,31.4,73.2,4.56,0.2935
LKW-10,2026-06-12 19:30:00,31.4,79.7,3.11,0.2933
LKW-10,2026-06-12 20:00:00,31.4,86.8,1.83,0.293
LKW-10,2026-06-12 20:30:00,31.4,82.4,3.44,0.2928
